title,price,link
Apple iPhone 14 (128 GB) - Estelar - Distribuidor Autorizado,5499,https://www.mercadolivre.com.br/apple-iphone-14-128-gb-estelar-distribuidor-autorizado/p/MLB1019615378#searchVariation%3DMLB1019615378%26position%3D2%26search_layout%3Dstack%26type%3Dproduct%26tracking_id%3D2005624e-a4b7-4575-8240-990421c7c826
Apple iPhone 13 (128 GB) - Estelar - Distribuidor Autorizado,7599,https://www.mercadolivre.com.br/apple-iphone-13-128-gb-estelar-distribuidor-autorizado/p/MLB1018500855#searchVariation%3DMLB1018500855%26position%3D3%26search_layout%3Dstack%26type%3Dproduct%26tracking_id%3D2005624e-a4b7-4575-8240-990421c7c826
Apple iPhone 13 (128 GB) Meia-noite - Distribuidor Autorizado,7599,https://www.mercadolivre.com.br/apple-iphone-13-128-gb-meia-noite-distribuidor-autorizado/p/MLB1018500844#searchVariation%3DMLB1018500844%26position%3D4%26search_layout%3Dstack%26type%3Dproduct%26tracking_id%3D2005624e-a4b7-4575-8240-990421c7c826
Apple iPhone 14 (128 GB) - Meia noite,5499,https://www.mercadolivre.com.br/apple-iphone-14-128-gb-meia-noite/p/MLB19615360#searchVariation%3DMLB19615360%26position%3D5%26search_layout%3Dstack%26type%3Dproduct%26tracking_id%3D2005624e-a4b7-4575-8240-990421c7c826
Apple iPhone 15 (128 GB) - Preto - Distribuidor Autorizado,5319,https://www.mercadolivre.com.br/apple-iphone-15-128-gb-preto-distribuidor-autorizado/p/MLB1027172677#searchVariation%3DMLB1027172677%26position%3D6%26search_layout%3Dstack%26type%3Dproduct%26tracking_id%3D2005624e-a4b7-4575-8240-990421c7c826
Apple iPhone 14 Plus (128 Gb) - Estelar - Distribuidor Autorizado,4670,https://www.mercadolivre.com.br/apple-iphone-14-plus-128-gb-estelar-distribuidor-autorizado/p/MLB1019615336#searchVariation%3DMLB1019615336%26position%3D7%26search_layout%3Dstack%26type%3Dproduct%26tracking_id%3D2005624e-a4b7-4575-8240-990421c7c826
Apple iPhone 14 (128 GB) - Roxo - Distribuidor Autorizado,5499,https://www.mercadolivre.com.br/apple-iphone-14-128-gb-roxo-distribuidor-autorizado/p/MLB1019615334#searchVariation%3DMLB1019615334%26position%3D8%26search_layout%3Dstack%26type%3Dproduct%26tracking_id%3D2005624e-a4b7-4575-8240-990421c7c826
Apple iPhone 12 (128 GB) - Preto - Distribuidor Autorizado,3999,https://www.mercadolivre.com.br/apple-iphone-12-128-gb-preto-distribuidor-autorizado/p/MLB1016163653#searchVariation%3DMLB1016163653%26position%3D9%26search_layout%3Dstack%26type%3Dproduct%26tracking_id%3D2005624e-a4b7-4575-8240-990421c7c826
Apple iPhone 14 Plus (128 GB) - Meia-noite - Distribuidor Autorizado,4670,https://www.mercadolivre.com.br/apple-iphone-14-plus-128-gb-meia-noite-distribuidor-autorizado/p/MLB1019615345#searchVariation%3DMLB1019615345%26position%3D10%26search_layout%3Dstack%26type%3Dproduct%26tracking_id%3D2005624e-a4b7-4575-8240-990421c7c826
Apple iPhone 15 (128 GB) - Amarelo - Distribuidor Autorizado,7438,https://www.mercadolivre.com.br/apple-iphone-15-128-gb-amarelo-distribuidor-autorizado/p/MLB1027172668#searchVariation%3DMLB1027172668%26position%3D11%26search_layout%3Dstack%26type%3Dproduct%26tracking_id%3D2005624e-a4b7-4575-8240-990421c7c826
Apple iPhone 12 (128 GB) - Branco - Distribuidor Autorizado,3999,https://www.mercadolivre.com.br/apple-iphone-12-128-gb-branco-distribuidor-autorizado/p/MLB1016163652#searchVariation%3DMLB1016163652%26position%3D12%26search_layout%3Dstack%26type%3Dproduct%26tracking_id%3D2005624e-a4b7-4575-8240-990421c7c826
Apple iPhone 13 (128 GB) - Rosa - Distribuidor Autorizado,7599,https://www.mercadolivre.com.br/apple-iphone-13-128-gb-rosa-distribuidor-autorizado/p/MLB1018500849#searchVariation%3DMLB1018500849%26position%3D13%26search_layout%3Dstack%26type%3Dproduct%26tracking_id%3D2005624e-a4b7-4575-8240-990421c7c826
Apple iPhone 15 (128 GB) - Azul - Distribuidor Autorizado,5319,https://www.mercadolivre.com.br/apple-iphone-15-128-gb-azul-distribuidor-autorizado/p/MLB1027172667#searchVariation%3DMLB1027172667%26position%3D14%26search_layout%3Dstack%26type%3Dproduct%26tracking_id%3D2005624e-a4b7-4575-8240-990421c7c826
Apple iPhone 14 (256 Gb) - Meia Noite - Distribuidor Autorizado,5054,https://www.mercadolivre.com.br/apple-iphone-14-256-gb-meia-noite-distribuidor-autorizado/p/MLB1019615344#searchVariation%3DMLB1019615344%26position%3D15%26search_layout%3Dstack%26type%3Dproduct%26tracking_id%3D2005624e-a4b7-4575-8240-990421c7c826
Apple iPhone 15 (128 GB) - Rosa - Distribuidor Autorizado,5319,https://www.mercadolivre.com.br/apple-iphone-15-128-gb-rosa-distribuidor-autorizado/p/MLB1027172678#searchVariation%3DMLB1027172678%26position%3D16%26search_layout%3Dstack%26type%3Dproduct%26tracking_id%3D2005624e-a4b7-4575-8240-990421c7c826
Apple iPhone 14 (256 GB) - Estelar - Distribuidor Autorizado,5054,https://www.mercadolivre.com.br/apple-iphone-14-256-gb-estelar-distribuidor-autorizado/p/MLB1019615376#searchVariation%3DMLB1019615376%26position%3D17%26search_layout%3Dstack%26type%3Dproduct%26tracking_id%3D2005624e-a4b7-4575-8240-990421c7c826
Apple iPhone 13 (128 GB) - Azul - Distribuidor Autorizado,4599,https://www.mercadolivre.com.br/apple-iphone-13-128-gb-azul-distribuidor-autorizado/p/MLB1018500846#searchVariation%3DMLB1018500846%26position%3D18%26search_layout%3Dstack%26type%3Dproduct%26tracking_id%3D2005624e-a4b7-4575-8240-990421c7c826
Apple iPhone 14 Plus (128 Gb) - Amarelo,9180,https://www.mercadolivre.com.br/apple-iphone-14-plus-128-gb-amarelo/p/MLB23062461#searchVariation%3DMLB23062461%26position%3D19%26search_layout%3Dstack%26type%3Dproduct%26tracking_id%3D2005624e-a4b7-4575-8240-990421c7c826
Apple iPhone 14 (128 GB) - Azul - Distribuidor Autorizado,5499,https://www.mercadolivre.com.br/apple-iphone-14-128-gb-azul-distribuidor-autorizado/p/MLB1019615339#searchVariation%3DMLB1019615339%26position%3D20%26search_layout%3Dstack%26type%3Dproduct%26tracking_id%3D2005624e-a4b7-4575-8240-990421c7c826
Apple iPhone 12 (64 GB) - Branco - Distribuidor Autorizado,3599,https://www.mercadolivre.com.br/apple-iphone-12-64-gb-branco-distribuidor-autorizado/p/MLB1016163647#searchVariation%3DMLB1016163647%26position%3D21%26search_layout%3Dstack%26type%3Dproduct%26tracking_id%3D2005624e-a4b7-4575-8240-990421c7c826
Apple iPhone 13 (256 GB) - (PRODUCT)RED - Distribuidor Autorizado,8599,https://www.mercadolivre.com.br/apple-iphone-13-256-gb-productred-distribuidor-autorizado/p/MLB1018500853#searchVariation%3DMLB1018500853%26position%3D22%26search_layout%3Dstack%26type%3Dproduct%26tracking_id%3D2005624e-a4b7-4575-8240-990421c7c826
Apple iPhone 14 (128 GB) - (PRODUCT)RED - Distribuidor Autorizado,5499,https://www.mercadolivre.com.br/apple-iphone-14-128-gb-productred-distribuidor-autorizado/p/MLB1019615349#searchVariation%3DMLB1019615349%26position%3D23%26search_layout%3Dstack%26type%3Dproduct%26tracking_id%3D2005624e-a4b7-4575-8240-990421c7c826
Apple iPhone 13 (256 GB) - Meia-noite - Distribuidor Autorizado,5499,https://www.mercadolivre.com.br/apple-iphone-13-256-gb-meia-noite-distribuidor-autorizado/p/MLB1018500858#searchVariation%3DMLB1018500858%26position%3D24%26search_layout%3Dstack%26type%3Dproduct%26tracking_id%3D2005624e-a4b7-4575-8240-990421c7c826
Apple iPhone 11 (128 GB) - Branco,2268,https://www.mercadolivre.com.br/apple-iphone-11-128-gb-branco/p/MLB15149568#searchVariation%3DMLB15149568%26position%3D25%26search_layout%3Dstack%26type%3Dproduct%26tracking_id%3D2005624e-a4b7-4575-8240-990421c7c826
Apple iPhone 15 Pro (128 GB) - Titânio Natural - Distribuidor Autorizado,8056,https://www.mercadolivre.com.br/apple-iphone-15-pro-128-gb-titnio-natural-distribuidor-autorizado/p/MLB1027172700#searchVariation%3DMLB1027172700%26position%3D26%26search_layout%3Dstack%26type%3Dproduct%26tracking_id%3D2005624e-a4b7-4575-8240-990421c7c826
Apple iPhone 13 (256 GB) - Estelar - Distribuidor Autorizado,5499,https://www.mercadolivre.com.br/apple-iphone-13-256-gb-estelar-distribuidor-autorizado/p/MLB1018500856#searchVariation%3DMLB1018500856%26position%3D27%26search_layout%3Dstack%26type%3Dproduct%26tracking_id%3D2005624e-a4b7-4575-8240-990421c7c826
Apple iPhone 15 Pro Max (256 GB) - Titânio Preto - Distribuidor Autorizado,9529,https://www.mercadolivre.com.br/apple-iphone-15-pro-max-256-gb-titnio-preto-distribuidor-autorizado/p/MLB1027172724#searchVariation%3DMLB1027172724%26position%3D28%26search_layout%3Dstack%26type%3Dproduct%26tracking_id%3D2005624e-a4b7-4575-8240-990421c7c826
Apple iPhone 15 (256 GB) - Preto - Distribuidor Autorizado,7021,https://www.mercadolivre.com.br/apple-iphone-15-256-gb-preto-distribuidor-autorizado/p/MLB1027172669#searchVariation%3DMLB1027172669%26position%3D29%26search_layout%3Dstack%26type%3Dproduct%26tracking_id%3D2005624e-a4b7-4575-8240-990421c7c826
Apple iPhone 15 Pro Max (256 GB) - Titânio Branco - Distribuidor Autorizado,9665,https://www.mercadolivre.com.br/apple-iphone-15-pro-max-256-gb-titnio-branco-distribuidor-autorizado/p/MLB1027172715#searchVariation%3DMLB1027172715%26position%3D30%26search_layout%3Dstack%26type%3Dproduct%26tracking_id%3D2005624e-a4b7-4575-8240-990421c7c826
Apple iPhone 15 (128 GB) - Verde - Distribuidor Autorizado,5319,https://www.mercadolivre.com.br/apple-iphone-15-128-gb-verde-distribuidor-autorizado/p/MLB1027172671#searchVariation%3DMLB1027172671%26position%3D31%26search_layout%3Dstack%26type%3Dproduct%26tracking_id%3D2005624e-a4b7-4575-8240-990421c7c826
Apple iPhone XR (64 GB) - Preto,1545,https://www.mercadolivre.com.br/apple-iphone-xr-64-gb-preto/p/MLB12866681#searchVariation%3DMLB12866681%26position%3D32%26search_layout%3Dstack%26type%3Dproduct%26tracking_id%3D2005624e-a4b7-4575-8240-990421c7c826
Apple iPhone 15 (256 GB) - Rosa - Distribuidor Autorizado,7021,https://www.mercadolivre.com.br/apple-iphone-15-256-gb-rosa-distribuidor-autorizado/p/MLB1027172670#searchVariation%3DMLB1027172670%26position%3D33%26search_layout%3Dstack%26type%3Dproduct%26tracking_id%3D2005624e-a4b7-4575-8240-990421c7c826
Apple iPhone 15 Pro Max (512 GB) - Titânio Azul - Distribuidor Autorizado,10829,https://www.mercadolivre.com.br/apple-iphone-15-pro-max-512-gb-titnio-azul-distribuidor-autorizado/p/MLB1027172716#searchVariation%3DMLB1027172716%26position%3D34%26search_layout%3Dstack%26type%3Dproduct%26tracking_id%3D2005624e-a4b7-4575-8240-990421c7c826
Apple iPhone 15 Pro (256 GB) - Titânio Natural - Distribuidor Autorizado,8749,https://www.mercadolivre.com.br/apple-iphone-15-pro-256-gb-titnio-natural-distribuidor-autorizado/p/MLB1027172703#searchVariation%3DMLB1027172703%26position%3D35%26search_layout%3Dstack%26type%3Dproduct%26tracking_id%3D2005624e-a4b7-4575-8240-990421c7c826
Apple iPhone 15 Pro (128 GB) - Titânio Preto - Distribuidor Autorizado,8056,https://www.mercadolivre.com.br/apple-iphone-15-pro-128-gb-titnio-preto-distribuidor-autorizado/p/MLB1027172704#searchVariation%3DMLB1027172704%26position%3D36%26search_layout%3Dstack%26type%3Dproduct%26tracking_id%3D2005624e-a4b7-4575-8240-990421c7c826
Apple iPhone 15 (256 GB) - Azul - Distribuidor Autorizado,6110,https://www.mercadolivre.com.br/apple-iphone-15-256-gb-azul-distribuidor-autorizado/p/MLB1027172673#searchVariation%3DMLB1027172673%26position%3D37%26search_layout%3Dstack%26type%3Dproduct%26tracking_id%3D2005624e-a4b7-4575-8240-990421c7c826
Apple iPhone 15 (128 Gb) - Preto,5299,https://produto.mercadolivre.com.br/MLB-3596071897-apple-iphone-15-128-gb-preto-_JM?searchVariation=179826354186#searchVariation%3D179826354186%26position%3D48%26search_layout%3Dstack%26type%3Ditem%26tracking_id%3D2005624e-a4b7-4575-8240-990421c7c826
Apple iPhone 15 Pro (256 GB) - Titânio Preto - Distribuidor Autorizado,10077,https://www.mercadolivre.com.br/apple-iphone-15-pro-256-gb-titnio-preto-distribuidor-autorizado/p/MLB1027172701#searchVariation%3DMLB1027172701%26position%3D38%26search_layout%3Dstack%26type%3Dproduct%26tracking_id%3D2005624e-a4b7-4575-8240-990421c7c826
Apple iPhone 15 Pro (128 GB) - Titânio Azul - Distribuidor Autorizado,8056,https://www.mercadolivre.com.br/apple-iphone-15-pro-128-gb-titnio-azul-distribuidor-autorizado/p/MLB1027172709#searchVariation%3DMLB1027172709%26position%3D39%26search_layout%3Dstack%26type%3Dproduct%26tracking_id%3D2005624e-a4b7-4575-8240-990421c7c826
Apple iPhone 15 Pro Max (256 GB) - Titânio Azul - Distribuidor Autorizado,9529,https://www.mercadolivre.com.br/apple-iphone-15-pro-max-256-gb-titnio-azul-distribuidor-autorizado/p/MLB1027172717#searchVariation%3DMLB1027172717%26position%3D40%26search_layout%3Dstack%26type%3Dproduct%26tracking_id%3D2005624e-a4b7-4575-8240-990421c7c826
Apple iPhone 15 Pro Max (512 GB) - Titânio Preto - Distribuidor Autorizado,12499,https://www.mercadolivre.com.br/apple-iphone-15-pro-max-512-gb-titnio-preto-distribuidor-autorizado/p/MLB1027172725#searchVariation%3DMLB1027172725%26position%3D41%26search_layout%3Dstack%26type%3Dproduct%26tracking_id%3D2005624e-a4b7-4575-8240-990421c7c826
Apple iPhone 15 Pro (128 GB) - Titânio Branco - Distribuidor Autorizado,8056,https://www.mercadolivre.com.br/apple-iphone-15-pro-128-gb-titnio-branco-distribuidor-autorizado/p/MLB1027172707#searchVariation%3DMLB1027172707%26position%3D42%26search_layout%3Dstack%26type%3Dproduct%26tracking_id%3D2005624e-a4b7-4575-8240-990421c7c826
Apple iPhone 15 Plus (256 GB) - Rosa - Distribuidor Autorizado,7883,https://www.mercadolivre.com.br/apple-iphone-15-plus-256-gb-rosa-distribuidor-autorizado/p/MLB1027172695#searchVariation%3DMLB1027172695%26position%3D43%26search_layout%3Dstack%26type%3Dproduct%26tracking_id%3D2005624e-a4b7-4575-8240-990421c7c826
Apple iPhone 15 (512 GB) - Amarelo - Distribuidor Autorizado,7221,https://www.mercadolivre.com.br/apple-iphone-15-512-gb-amarelo-distribuidor-autorizado/p/MLB1027172674#searchVariation%3DMLB1027172674%26position%3D44%26search_layout%3Dstack%26type%3Dproduct%26tracking_id%3D2005624e-a4b7-4575-8240-990421c7c826
Apple iPhone 14 Plus (256 GB) - Estelar - Distribuidor Autorizado,5863,https://www.mercadolivre.com.br/apple-iphone-14-plus-256-gb-estelar-distribuidor-autorizado/p/MLB1019615327#searchVariation%3DMLB1019615327%26position%3D45%26search_layout%3Dstack%26type%3Dproduct%26tracking_id%3D2005624e-a4b7-4575-8240-990421c7c826
Apple iPhone 15 Pro Max (1 TB) - Titânio Preto - Distribuidor Autorizado,12064,https://www.mercadolivre.com.br/apple-iphone-15-pro-max-1-tb-titnio-preto-distribuidor-autorizado/p/MLB1027172719#searchVariation%3DMLB1027172719%26position%3D46%26search_layout%3Dstack%26type%3Dproduct%26tracking_id%3D2005624e-a4b7-4575-8240-990421c7c826
Xiaomi Redmi Note 13 256gb 8gb Lançamento (global) + Nfe,1289,https://produto.mercadolivre.com.br/MLB-4518673836-xiaomi-redmi-note-13-256gb-8gb-lancamento-global-nfe-_JM#position%3D49%26search_layout%3Dstack%26type%3Ditem%26tracking_id%3D2005624e-a4b7-4575-8240-990421c7c826
Apple iPhone 15 (256 GB) - Verde - Distribuidor Autorizado,6499,https://www.mercadolivre.com.br/apple-iphone-15-256-gb-verde-distribuidor-autorizado/p/MLB1027172672#searchVariation%3DMLB1027172672%26position%3D47%26search_layout%3Dstack%26type%3Dproduct%26tracking_id%3D2005624e-a4b7-4575-8240-990421c7c826
Apple iPhone 14 Plus (128 GB) - Roxo - Distribuidor Autorizado,5299,https://www.mercadolivre.com.br/apple-iphone-14-plus-128-gb-roxo-distribuidor-autorizado/p/MLB1019615337#searchVariation%3DMLB1019615337%26position%3D1%26search_layout%3Dstack%26type%3Dproduct%26tracking_id%3D2005624e-a4b7-4575-8240-990421c7c826
Apple iPhone 15 Pro (256 GB) - Titânio Branco - Distribuidor Autorizado,8749,https://www.mercadolivre.com.br/apple-iphone-15-pro-256-gb-titnio-branco-distribuidor-autorizado/p/MLB1027172699#searchVariation%3DMLB1027172699%26position%3D2%26search_layout%3Dstack%26type%3Dproduct%26tracking_id%3Def651f1c-0f60-4947-addd-f89b98905909
Apple iPhone 15 (512 GB) - Preto - Distribuidor Autorizado,8499,https://www.mercadolivre.com.br/apple-iphone-15-512-gb-preto-distribuidor-autorizado/p/MLB1027172666#searchVariation%3DMLB1027172666%26position%3D3%26search_layout%3Dstack%26type%3Dproduct%26tracking_id%3Def651f1c-0f60-4947-addd-f89b98905909
Apple iPhone 15 Pro Max (1 TB) - Titânio Azul - Distribuidor Autorizado,12128,https://www.mercadolivre.com.br/apple-iphone-15-pro-max-1-tb-titnio-azul-distribuidor-autorizado/p/MLB1027172721#searchVariation%3DMLB1027172721%26position%3D4%26search_layout%3Dstack%26type%3Dproduct%26tracking_id%3Def651f1c-0f60-4947-addd-f89b98905909
iPhone 5s 32 GB cinza-espacial,1000,https://www.mercadolivre.com.br/iphone-5s-32-gb-cinza-espacial/p/MLB6007309#searchVariation%3DMLB6007309%26position%3D5%26search_layout%3Dstack%26type%3Dproduct%26tracking_id%3Def651f1c-0f60-4947-addd-f89b98905909
iPhone 15 Pro Max Dual SIM 512 GB titânio branco - Distribuidor Autorizado,10829,https://www.mercadolivre.com.br/iphone-15-pro-max-dual-sim-512-gb-titnio-branco-distribuidor-autorizado/p/MLB1027172723#searchVariation%3DMLB1027172723%26position%3D6%26search_layout%3Dstack%26type%3Dproduct%26tracking_id%3Def651f1c-0f60-4947-addd-f89b98905909
Apple iPhone 15 Pro (512 GB) - Titânio Azul - Distribuidor Autorizado,10049,https://www.mercadolivre.com.br/apple-iphone-15-pro-512-gb-titnio-azul-distribuidor-autorizado/p/MLB1027172698#searchVariation%3DMLB1027172698%26position%3D7%26search_layout%3Dstack%26type%3Dproduct%26tracking_id%3Def651f1c-0f60-4947-addd-f89b98905909
Apple iPhone 15 Plus (256 GB) - Azul - Distribuidor Autorizado,7883,https://www.mercadolivre.com.br/apple-iphone-15-plus-256-gb-azul-distribuidor-autorizado/p/MLB1027172693#searchVariation%3DMLB1027172693%26position%3D8%26search_layout%3Dstack%26type%3Dproduct%26tracking_id%3Def651f1c-0f60-4947-addd-f89b98905909
Apple iPhone XR (64 GB) - Preto,1545,https://www.mercadolivre.com.br/apple-iphone-xr-64-gb-preto/p/MLB12866681#searchVariation%3DMLB12866681%26position%3D9%26search_layout%3Dstack%26type%3Dproduct%26tracking_id%3Def651f1c-0f60-4947-addd-f89b98905909
Apple iPhone 15 (512 GB) - Azul - Distribuidor Autorizado,13559,https://www.mercadolivre.com.br/apple-iphone-15-512-gb-azul-distribuidor-autorizado/p/MLB1027172680#searchVariation%3DMLB1027172680%26position%3D10%26search_layout%3Dstack%26type%3Dproduct%26tracking_id%3Def651f1c-0f60-4947-addd-f89b98905909
iPhone 7 32 Gb Preto-fosco Lindo Envio Imediato,700,https://produto.mercadolivre.com.br/MLB-4934695942-iphone-7-32-gb-preto-fosco-lindo-envio-imediato-_JM?searchVariation=181168851308#searchVariation%3D181168851308%26position%3D40%26search_layout%3Dstack%26type%3Ditem%26tracking_id%3Def651f1c-0f60-4947-addd-f89b98905909
Apple iPhone 15 Plus (128 GB) - Preto - Distribuidor Autorizado,7172,https://www.mercadolivre.com.br/apple-iphone-15-plus-128-gb-preto-distribuidor-autorizado/p/MLB1027172685#searchVariation%3DMLB1027172685%26position%3D11%26search_layout%3Dstack%26type%3Dproduct%26tracking_id%3Def651f1c-0f60-4947-addd-f89b98905909
Apple iPhone 15 Plus (128 GB) - Rosa - Distribuidor Autorizado,7190,https://www.mercadolivre.com.br/apple-iphone-15-plus-128-gb-rosa-distribuidor-autorizado/p/MLB1027172692#searchVariation%3DMLB1027172692%26position%3D12%26search_layout%3Dstack%26type%3Dproduct%26tracking_id%3Def651f1c-0f60-4947-addd-f89b98905909
Apple iPhone 15 Plus (128 GB) - Verde - Distribuidor Autorizado,7151,https://www.mercadolivre.com.br/apple-iphone-15-plus-128-gb-verde-distribuidor-autorizado/p/MLB1027172696#searchVariation%3DMLB1027172696%26position%3D13%26search_layout%3Dstack%26type%3Dproduct%26tracking_id%3Def651f1c-0f60-4947-addd-f89b98905909
Apple iPhone 15 Pro Max (512 GB) - Titânio Natural - Distribuidor Autorizado,10829,https://www.mercadolivre.com.br/apple-iphone-15-pro-max-512-gb-titnio-natural-distribuidor-autorizado/p/MLB1027172722#searchVariation%3DMLB1027172722%26position%3D14%26search_layout%3Dstack%26type%3Dproduct%26tracking_id%3Def651f1c-0f60-4947-addd-f89b98905909
Apple iPhone 15 (512 GB) - Verde - Distribuidor Autorizado,13559,https://www.mercadolivre.com.br/apple-iphone-15-512-gb-verde-distribuidor-autorizado/p/MLB1027172676#searchVariation%3DMLB1027172676%26position%3D15%26search_layout%3Dstack%26type%3Dproduct%26tracking_id%3Def651f1c-0f60-4947-addd-f89b98905909
Apple iPhone 14 (256 GB) - Azul - Distribuidor Autorizado,5500,https://www.mercadolivre.com.br/apple-iphone-14-256-gb-azul-distribuidor-autorizado/p/MLB1019615370#searchVariation%3DMLB1019615370%26position%3D16%26search_layout%3Dstack%26type%3Dproduct%26tracking_id%3Def651f1c-0f60-4947-addd-f89b98905909
Apple iPhone 14 (512 Gb) - Azul,9429,https://www.mercadolivre.com.br/apple-iphone-14-512-gb-azul/p/MLB19615371#searchVariation%3DMLB19615371%26position%3D17%26search_layout%3Dstack%26type%3Dproduct%26tracking_id%3Def651f1c-0f60-4947-addd-f89b98905909
iPhone 3gs Lacrado De Fabrica Item De Colecionador,5200,https://produto.mercadolivre.com.br/MLB-3566162881-iphone-3gs-lacrado-de-fabrica-item-de-colecionador-_JM?searchVariation=181418203909#searchVariation%3D181418203909%26position%3D41%26search_layout%3Dstack%26type%3Ditem%26tracking_id%3Def651f1c-0f60-4947-addd-f89b98905909
Apple iPhone 11 (64 GB) - Preto,2270,https://www.mercadolivre.com.br/apple-iphone-11-64-gb-preto/p/MLB15149561#searchVariation%3DMLB15149561%26position%3D18%26search_layout%3Dstack%26type%3Dproduct%26tracking_id%3Def651f1c-0f60-4947-addd-f89b98905909
Apple iPhone 15 Pro (1 TB) - Titânio Azul - Distribuidor Autorizado,11349,https://www.mercadolivre.com.br/apple-iphone-15-pro-1-tb-titnio-azul-distribuidor-autorizado/p/MLB1027172706#searchVariation%3DMLB1027172706%26position%3D19%26search_layout%3Dstack%26type%3Dproduct%26tracking_id%3Def651f1c-0f60-4947-addd-f89b98905909
Smartphone iPhone SE A1723 64gb 2gb Ram Rose Gold Excelente,550,https://produto.mercadolivre.com.br/MLB-4979356476-smartphone-iphone-se-a1723-64gb-2gb-ram-rose-gold-excelente-_JM?searchVariation=184117879373#searchVariation%3D184117879373%26position%3D42%26search_layout%3Dstack%26type%3Ditem%26tracking_id%3Def651f1c-0f60-4947-addd-f89b98905909
Apple iPhone 13 (128 GB) - Verde - Distribuidor Autorizado,4424,https://www.mercadolivre.com.br/apple-iphone-13-128-gb-verde-distribuidor-autorizado/p/MLB1022372834#searchVariation%3DMLB1022372834%26position%3D20%26search_layout%3Dstack%26type%3Dproduct%26tracking_id%3Def651f1c-0f60-4947-addd-f89b98905909
Xiaomi Redmi Note 13 256gb 8gb Lançamento (global) + Nfe,1289,https://produto.mercadolivre.com.br/MLB-4518673836-xiaomi-redmi-note-13-256gb-8gb-lancamento-global-nfe-_JM#position%3D43%26search_layout%3Dstack%26type%3Ditem%26tracking_id%3Def651f1c-0f60-4947-addd-f89b98905909
Apple iPhone 13 Pro Max (128 GB) - Verde-alpino,7999,https://www.mercadolivre.com.br/apple-iphone-13-pro-max-128-gb-verde-alpino/p/MLB19037513#searchVariation%3DMLB19037513%26position%3D21%26search_layout%3Dstack%26type%3Dproduct%26tracking_id%3Def651f1c-0f60-4947-addd-f89b98905909
iPhone 6s 16 Gb Dourado Lindo 10x Sem Juros,620,https://produto.mercadolivre.com.br/MLB-3602530843-iphone-6s-16-gb-dourado-lindo-10x-sem-juros-_JM?searchVariation=181793640085#searchVariation%3D181793640085%26position%3D44%26search_layout%3Dstack%26type%3Ditem%26tracking_id%3Def651f1c-0f60-4947-addd-f89b98905909
iPhone 7 Plus 128 GB ouro rosa,1498,https://www.mercadolivre.com.br/iphone-7-plus-128-gb-ouro-rosa/p/MLB6240134#searchVariation%3DMLB6240134%26position%3D22%26search_layout%3Dstack%26type%3Dproduct%26tracking_id%3Def651f1c-0f60-4947-addd-f89b98905909
Apple iPhone SE (2a geração) 64 GB - Branco,2589,https://www.mercadolivre.com.br/apple-iphone-se-2a-geraco-64-gb-branco/p/MLB15591332#searchVariation%3DMLB15591332%26position%3D23%26search_layout%3Dstack%26type%3Dproduct%26tracking_id%3Def651f1c-0f60-4947-addd-f89b98905909
iPhone XS 64 GB cinza-espacial,2499,https://www.mercadolivre.com.br/iphone-xs-64-gb-cinza-espacial/p/MLB12866564#searchVariation%3DMLB12866564%26position%3D24%26search_layout%3Dstack%26type%3Dproduct%26tracking_id%3Def651f1c-0f60-4947-addd-f89b98905909
Apple iPhone 12 (64 GB) - Preto - Distribuidor Autorizado,3599,https://www.mercadolivre.com.br/apple-iphone-12-64-gb-preto-distribuidor-autorizado/p/MLB1016163648#searchVariation%3DMLB1016163648%26position%3D25%26search_layout%3Dstack%26type%3Dproduct%26tracking_id%3Def651f1c-0f60-4947-addd-f89b98905909
iPhone 8 64 GB dourado,1250,https://www.mercadolivre.com.br/iphone-8-64-gb-dourado/p/MLB8752430#searchVariation%3DMLB8752430%26position%3D26%26search_layout%3Dstack%26type%3Dproduct%26tracking_id%3Def651f1c-0f60-4947-addd-f89b98905909
iPhone 6 64 Gb Cinza-espacial + Caixa Original Lindo,588,https://produto.mercadolivre.com.br/MLB-3495916213-iphone-6-64-gb-cinza-espacial-caixa-original-lindo-_JM?searchVariation=180456785365#searchVariation%3D180456785365%26position%3D45%26search_layout%3Dstack%26type%3Ditem%26tracking_id%3Def651f1c-0f60-4947-addd-f89b98905909
Apple iPhone 15 Pro (512 GB) - Titânio Preto - Distribuidor Autorizado,11599,https://www.mercadolivre.com.br/apple-iphone-15-pro-512-gb-titnio-preto-distribuidor-autorizado/p/MLB1027172702#searchVariation%3DMLB1027172702%26position%3D27%26search_layout%3Dstack%26type%3Dproduct%26tracking_id%3Def651f1c-0f60-4947-addd-f89b98905909
iPhone 13 Pro 1tb,4999,https://produto.mercadolivre.com.br/MLB-4977160648-iphone-13-pro-1tb-_JM?searchVariation=181290824864#searchVariation%3D181290824864%26position%3D46%26search_layout%3Dstack%26type%3Ditem%26tracking_id%3Def651f1c-0f60-4947-addd-f89b98905909
iPhone 8 Plus 64 GB dourado,1335,https://www.mercadolivre.com.br/iphone-8-plus-64-gb-dourado/p/MLB8752451#searchVariation%3DMLB8752451%26position%3D28%26search_layout%3Dstack%26type%3Dproduct%26tracking_id%3Def651f1c-0f60-4947-addd-f89b98905909
iPhone Apple 5c 16 Gb Branco - Usado,249,https://produto.mercadolivre.com.br/MLB-4980232642-iphone-apple-5c-16-gb-branco-usado-_JM?searchVariation=181302436528#searchVariation%3D181302436528%26position%3D47%26search_layout%3Dstack%26type%3Ditem%26tracking_id%3Def651f1c-0f60-4947-addd-f89b98905909
iPhone Apple 4s 16 Gb Branco - Usado,199,https://produto.mercadolivre.com.br/MLB-3807956637-iphone-apple-4s-16-gb-branco-usado-_JM?searchVariation=184123411141#searchVariation%3D184123411141%26position%3D48%26search_layout%3Dstack%26type%3Ditem%26tracking_id%3Def651f1c-0f60-4947-addd-f89b98905909
Apple iPhone 15 (128 GB) - Azul,4889,https://www.mercadolivre.com.br/apple-iphone-15-128-gb-azul/p/MLB27172667#searchVariation%3DMLB27172667%26position%3D29%26search_layout%3Dstack%26type%3Dproduct%26tracking_id%3Def651f1c-0f60-4947-addd-f89b98905909
iPhone 11 Pro 256 GB dourado,3499,https://www.mercadolivre.com.br/iphone-11-pro-256-gb-dourado/p/MLB15150716#searchVariation%3DMLB15150716%26position%3D30%26search_layout%3Dstack%26type%3Dproduct%26tracking_id%3Def651f1c-0f60-4947-addd-f89b98905909
Apple iPhone 15 Pro (256 GB) - Titânio Azul - Distribuidor Autorizado,8749,https://www.mercadolivre.com.br/apple-iphone-15-pro-256-gb-titnio-azul-distribuidor-autorizado/p/MLB1027172712#searchVariation%3DMLB1027172712%26position%3D31%26search_layout%3Dstack%26type%3Dproduct%26tracking_id%3Def651f1c-0f60-4947-addd-f89b98905909
Apple iPhone 14 Plus (256 GB) - Meia-noite,5863,https://www.mercadolivre.com.br/apple-iphone-14-plus-256-gb-meia-noite/p/MLB19615373#searchVariation%3DMLB19615373%26position%3D32%26search_layout%3Dstack%26type%3Dproduct%26tracking_id%3Def651f1c-0f60-4947-addd-f89b98905909
iPhone XS Max 64 GB cinza-espacial,3499,https://www.mercadolivre.com.br/iphone-xs-max-64-gb-cinza-espacial/p/MLB12866626#searchVariation%3DMLB12866626%26position%3D33%26search_layout%3Dstack%26type%3Dproduct%26tracking_id%3Def651f1c-0f60-4947-addd-f89b98905909
Apple iPhone 15 Plus (512 GB) - Verde - Distribuidor Autorizado,10284,https://www.mercadolivre.com.br/apple-iphone-15-plus-512-gb-verde-distribuidor-autorizado/p/MLB1027172694#searchVariation%3DMLB1027172694%26position%3D34%26search_layout%3Dstack%26type%3Dproduct%26tracking_id%3Def651f1c-0f60-4947-addd-f89b98905909
Apple iPhone 15 Plus (256 GB) - Verde - Distribuidor Autorizado,11896,https://www.mercadolivre.com.br/apple-iphone-15-plus-256-gb-verde-distribuidor-autorizado/p/MLB1027172686#searchVariation%3DMLB1027172686%26position%3D35%26search_layout%3Dstack%26type%3Dproduct%26tracking_id%3Def651f1c-0f60-4947-addd-f89b98905909
iPhone 5s 16 GB cinza-espacial,499,https://www.mercadolivre.com.br/iphone-5s-16-gb-cinza-espacial/p/MLB6007306#searchVariation%3DMLB6007306%26position%3D36%26search_layout%3Dstack%26type%3Dproduct%26tracking_id%3Def651f1c-0f60-4947-addd-f89b98905909
Apple iPhone 12 (128 GB) - Branco,2749,https://www.mercadolivre.com.br/apple-iphone-12-128-gb-branco/p/MLB16163652#searchVariation%3DMLB16163652%26position%3D37%26search_layout%3Dstack%26type%3Dproduct%26tracking_id%3Def651f1c-0f60-4947-addd-f89b98905909
Apple iPhone 12 Pro Max (128 GB) - Prateado,3960,https://www.mercadolivre.com.br/apple-iphone-12-pro-max-128-gb-prateado/p/MLB16163693#searchVariation%3DMLB16163693%26position%3D38%26search_layout%3Dstack%26type%3Dproduct%26tracking_id%3Def651f1c-0f60-4947-addd-f89b98905909
Apple iPhone 15 Pro (1 TB) - Titânio Preto,11499,https://www.mercadolivre.com.br/apple-iphone-15-pro-1-tb-titnio-preto/p/MLB27172705#searchVariation%3DMLB27172705%26position%3D39%26search_layout%3Dstack%26type%3Dproduct%26tracking_id%3Def651f1c-0f60-4947-addd-f89b98905909
iPhone 14 Pro Max 128gb Roxo Usado,6299,https://produto.mercadolivre.com.br/MLB-4270020168-iphone-14-pro-max-128gb-roxo-usado-_JM?searchVariation=179368051788#searchVariation%3D179368051788%26position%3D49%26search_layout%3Dstack%26type%3Ditem%26tracking_id%3Def651f1c-0f60-4947-addd-f89b98905909
Apple iPhone 15 Pro (128 GB) - Titânio Azul,6820,https://www.mercadolivre.com.br/apple-iphone-15-pro-128-gb-titnio-azul/p/MLB27172709#searchVariation%3DMLB27172709%26position%3D1%26search_layout%3Dstack%26type%3Dproduct%26tracking_id%3Def651f1c-0f60-4947-addd-f89b98905909
Apple iPhone 15 (128 Gb) - Preto,5299,https://produto.mercadolivre.com.br/MLB-3596071897-apple-iphone-15-128-gb-preto-_JM?searchVariation=179826354186#searchVariation%3D179826354186%26position%3D24%26search_layout%3Dstack%26type%3Ditem%26tracking_id%3D400397aa-0bb7-4577-9c12-ec9a773d0223
Smartphone iPhone SE A1723 16gb 2gb Ram Rose Gold Excelente,399,https://produto.mercadolivre.com.br/MLB-3807331811-smartphone-iphone-se-a1723-16gb-2gb-ram-rose-gold-excelente-_JM?searchVariation=184118658407#searchVariation%3D184118658407%26position%3D25%26search_layout%3Dstack%26type%3Ditem%26tracking_id%3D400397aa-0bb7-4577-9c12-ec9a773d0223
iPhone 8 64 Gb Excelente Envio Imediato,858,https://produto.mercadolivre.com.br/MLB-4806207836-iphone-8-64-gb-excelente-envio-imediato-_JM?searchVariation=183239063547#searchVariation%3D183239063547%26position%3D26%26search_layout%3Dstack%26type%3Ditem%26tracking_id%3D400397aa-0bb7-4577-9c12-ec9a773d0223
Xiaomi Redmi Note 13 256gb 8g Ram Lançamento 2024 Global Nf,1199,https://produto.mercadolivre.com.br/MLB-4518522976-xiaomi-redmi-note-13-256gb-8g-ram-lancamento-2024-global-nf-_JM#position%3D27%26search_layout%3Dstack%26type%3Ditem%26tracking_id%3D400397aa-0bb7-4577-9c12-ec9a773d0223
iPhone SE (2ª Geração) 256gb,1799,https://produto.mercadolivre.com.br/MLB-2928894448-iphone-se-2-geraco-256gb-_JM?searchVariation=176779745381#searchVariation%3D176779745381%26position%3D28%26search_layout%3Dstack%26type%3Ditem%26tracking_id%3D400397aa-0bb7-4577-9c12-ec9a773d0223
iPhone 7 Plus 32 Gb Dourado Lindo 10x Sem Juros,1000,https://produto.mercadolivre.com.br/MLB-4616427128-iphone-7-plus-32-gb-dourado-lindo-10x-sem-juros-_JM?searchVariation=182522790843#searchVariation%3D182522790843%26position%3D29%26search_layout%3Dstack%26type%3Ditem%26tracking_id%3D400397aa-0bb7-4577-9c12-ec9a773d0223
iPhone 15 128gb Lacrado Dual Sim Película + Capinha Brinde,5699,https://produto.mercadolivre.com.br/MLB-4846687670-iphone-15-128gb-lacrado-dual-sim-pelicula-capinha-brinde-_JM?searchVariation=180915376082#searchVariation%3D180915376082%26position%3D30%26search_layout%3Dstack%26type%3Ditem%26tracking_id%3D400397aa-0bb7-4577-9c12-ec9a773d0223
iPhone 13 Pro Max 1tb Dourado Ouro 24k,24500,https://produto.mercadolivre.com.br/MLB-4324468152-iphone-13-pro-max-1tb-dourado-ouro-24k-_JM?searchVariation=181226122415#searchVariation%3D181226122415%26position%3D31%26search_layout%3Dstack%26type%3Ditem%26tracking_id%3D400397aa-0bb7-4577-9c12-ec9a773d0223
iPhone XS Max 64gb Prata Muito Bom - Trocafone Celular Usado,1639,https://produto.mercadolivre.com.br/MLB-2692191755-iphone-xs-max-64gb-prata-muito-bom-trocafone-celular-usado-_JM#position%3D32%26search_layout%3Dstack%26type%3Ditem%26tracking_id%3D400397aa-0bb7-4577-9c12-ec9a773d0223
iPhone 8 Plus 256 GB dourado,1665,https://www.mercadolivre.com.br/iphone-8-plus-256-gb-dourado/p/MLB8752454#searchVariation%3DMLB8752454%26position%3D1%26search_layout%3Dstack%26type%3Dproduct%26tracking_id%3D400397aa-0bb7-4577-9c12-ec9a773d0223
Apple iPhone 12 (64 GB) - Branco,2368,https://www.mercadolivre.com.br/apple-iphone-12-64-gb-branco/p/MLB16163647#searchVariation%3DMLB16163647%26position%3D4%26search_layout%3Dstack%26type%3Dproduct%26tracking_id%3D400397aa-0bb7-4577-9c12-ec9a773d0223
Apple iPhone 4s 8gb Desbloqueado Original Anatel -de Vitrine,399,https://produto.mercadolivre.com.br/MLB-913827646-apple-iphone-4s-8gb-desbloqueado-original-anatel-de-vitrine-_JM?searchVariation=17610181522#searchVariation%3D17610181522%26position%3D33%26search_layout%3Dstack%26type%3Ditem%26tracking_id%3D400397aa-0bb7-4577-9c12-ec9a773d0223
Apple iPhone 15 Pro Max (256 GB) - Titânio Preto,8195,https://www.mercadolivre.com.br/apple-iphone-15-pro-max-256-gb-titnio-preto/p/MLB27172724#searchVariation%3DMLB27172724%26position%3D8%26search_layout%3Dstack%26type%3Dproduct%26tracking_id%3D400397aa-0bb7-4577-9c12-ec9a773d0223
Apple iPhone 15 Pro (256 GB) - Titânio Natural,7200,https://www.mercadolivre.com.br/apple-iphone-15-pro-256-gb-titnio-natural/p/MLB27172703#searchVariation%3DMLB27172703%26position%3D3%26search_layout%3Dstack%26type%3Dproduct%26tracking_id%3D400397aa-0bb7-4577-9c12-ec9a773d0223
iPhone 11 Pro 64 Gb Dourado Lindo 10x Sem Juros,2400,https://produto.mercadolivre.com.br/MLB-3804900003-iphone-11-pro-64-gb-dourado-lindo-10x-sem-juros-_JM?searchVariation=181282021028#searchVariation%3D181282021028%26position%3D34%26search_layout%3Dstack%26type%3Ditem%26tracking_id%3D400397aa-0bb7-4577-9c12-ec9a773d0223
iPhone 11 128gb,2099,https://produto.mercadolivre.com.br/MLB-2767169906-iphone-11-128gb-_JM?searchVariation=175083421854#searchVariation%3D175083421854%26position%3D35%26search_layout%3Dstack%26type%3Ditem%26tracking_id%3D400397aa-0bb7-4577-9c12-ec9a773d0223
iPhone 13 128gb,3299,https://produto.mercadolivre.com.br/MLB-2824430713-iphone-13-128gb-_JM?searchVariation=175374021335#searchVariation%3D175374021335%26position%3D36%26search_layout%3Dstack%26type%3Ditem%26tracking_id%3D400397aa-0bb7-4577-9c12-ec9a773d0223
Apple iPhone 12 mini (64 GB) - Verde,2499,https://www.mercadolivre.com.br/apple-iphone-12-mini-64-gb-verde/p/MLB16163666#searchVariation%3DMLB16163666%26position%3D5%26search_layout%3Dstack%26type%3Dproduct%26tracking_id%3D400397aa-0bb7-4577-9c12-ec9a773d0223
Celular Apple iPhone 5s 16gb - Muito Bom,399,https://produto.mercadolivre.com.br/MLB-3756459437-celular-apple-iphone-5s-16gb-muito-bom-_JM?searchVariation=180839862620#searchVariation%3D180839862620%26position%3D37%26search_layout%3Dstack%26type%3Ditem%26tracking_id%3D400397aa-0bb7-4577-9c12-ec9a773d0223
iPhone 6s 16 Gb Prata Lindo 10x Sem Juros,625,https://produto.mercadolivre.com.br/MLB-3602556837-iphone-6s-16-gb-prata-lindo-10x-sem-juros-_JM?searchVariation=181793663805#searchVariation%3D181793663805%26position%3D38%26search_layout%3Dstack%26type%3Ditem%26tracking_id%3D400397aa-0bb7-4577-9c12-ec9a773d0223
Apple iPhone 12 Pro Max (256 GB) - Grafite,4899,https://www.mercadolivre.com.br/apple-iphone-12-pro-max-256-gb-grafite/p/MLB16163696#searchVariation%3DMLB16163696%26position%3D2%26search_layout%3Dstack%26type%3Dproduct%26tracking_id%3D400397aa-0bb7-4577-9c12-ec9a773d0223
iPhone 8 Plus 128 GB cinza-espacial,1799,https://www.mercadolivre.com.br/iphone-8-plus-128-gb-cinza-espacial/p/MLB15271025#searchVariation%3DMLB15271025%26position%3D9%26search_layout%3Dstack%26type%3Dproduct%26tracking_id%3D400397aa-0bb7-4577-9c12-ec9a773d0223
iPhone XR 128 Gb Branco - Vitrine - Bateria 100% +acessórios,1848,https://produto.mercadolivre.com.br/MLB-3175158890-iphone-xr-128-gb-branco-vitrine-bateria-100-acessorios-_JM?searchVariation=176481744825#searchVariation%3D176481744825%26position%3D39%26search_layout%3Dstack%26type%3Ditem%26tracking_id%3D400397aa-0bb7-4577-9c12-ec9a773d0223
Apple iPhone 13 mini (512 GB) - Estelar,10416,https://www.mercadolivre.com.br/apple-iphone-13-mini-512-gb-estelar/p/MLB18514726#searchVariation%3DMLB18514726%26position%3D10%26search_layout%3Dstack%26type%3Dproduct%26tracking_id%3D400397aa-0bb7-4577-9c12-ec9a773d0223
iPhone XS 256 GB dourado,2220,https://www.mercadolivre.com.br/iphone-xs-256-gb-dourado/p/MLB12866569#searchVariation%3DMLB12866569%26position%3D6%26search_layout%3Dstack%26type%3Dproduct%26tracking_id%3D400397aa-0bb7-4577-9c12-ec9a773d0223
Apple iPhone 12 Pro (128 Gb) Tela 6.1 - Novo Vitrine,2850,https://produto.mercadolivre.com.br/MLB-4870843534-apple-iphone-12-pro-128-gb-tela-61-novo-vitrine-_JM?searchVariation=180993490814#searchVariation%3D180993490814%26position%3D40%26search_layout%3Dstack%26type%3Ditem%26tracking_id%3D400397aa-0bb7-4577-9c12-ec9a773d0223
"iPhone 15 Pro 256gb Titânio Branco Tela 6,1 5g Câmera 48mp",10077,https://produto.mercadolivre.com.br/MLB-3459564673-iphone-15-pro-256gb-titnio-branco-tela-61-5g-cmera-48mp-_JM#position%3D41%26search_layout%3Dstack%26type%3Ditem%26tracking_id%3D400397aa-0bb7-4577-9c12-ec9a773d0223
Apple iPhone 11 Pro Max (256 GB) - cinza-espacial,3850,https://www.mercadolivre.com.br/apple-iphone-11-pro-max-256-gb-cinza-espacial/p/MLB15150977#searchVariation%3DMLB15150977%26position%3D7%26search_layout%3Dstack%26type%3Dproduct%26tracking_id%3D400397aa-0bb7-4577-9c12-ec9a773d0223
Apple iPhone 15 Plus (256 GB) - Preto,6999,https://www.mercadolivre.com.br/apple-iphone-15-plus-256-gb-preto/p/MLB27172688#searchVariation%3DMLB27172688%26position%3D12%26search_layout%3Dstack%26type%3Dproduct%26tracking_id%3D400397aa-0bb7-4577-9c12-ec9a773d0223
iPhone SE Branco 256gb Vitrine Saúde Bateria 100% Mhgx3br/a,1999,https://produto.mercadolivre.com.br/MLB-3733314517-iphone-se-branco-256gb-vitrine-saude-bateria-100-mhgx3bra-_JM?searchVariation=183105364825#searchVariation%3D183105364825%26position%3D42%26search_layout%3Dstack%26type%3Ditem%26tracking_id%3D400397aa-0bb7-4577-9c12-ec9a773d0223
Apple iPhone 12 Pro Max (512 GB) - Grafite,5198,https://www.mercadolivre.com.br/apple-iphone-12-pro-max-512-gb-grafite/p/MLB16163700#searchVariation%3DMLB16163700%26position%3D11%26search_layout%3Dstack%26type%3Dproduct%26tracking_id%3D400397aa-0bb7-4577-9c12-ec9a773d0223
Apple iPhone 15 Pro Max (512 GB) - TItânio Branco,8895,https://www.mercadolivre.com.br/apple-iphone-15-pro-max-512-gb-titnio-branco/p/MLB27172723#searchVariation%3DMLB27172723%26position%3D16%26search_layout%3Dstack%26type%3Dproduct%26tracking_id%3D400397aa-0bb7-4577-9c12-ec9a773d0223
Apple iPhone 14 (256 GB) - (PRODUCT)RED - Distribuidor Autorizado,6299,https://www.mercadolivre.com.br/apple-iphone-14-256-gb-productred-distribuidor-autorizado/p/MLB1019615358#searchVariation%3DMLB1019615358%26position%3D13%26search_layout%3Dstack%26type%3Dproduct%26tracking_id%3D400397aa-0bb7-4577-9c12-ec9a773d0223
Apple iPhone 14 (256 GB) - Amarelo - Distribuidor Autorizado,6299,https://www.mercadolivre.com.br/apple-iphone-14-256-gb-amarelo-distribuidor-autorizado/p/MLB1024156590#searchVariation%3DMLB1024156590%26position%3D14%26search_layout%3Dstack%26type%3Dproduct%26tracking_id%3D400397aa-0bb7-4577-9c12-ec9a773d0223
Apple iPhone 14 Plus (256 GB) - Roxo - Distribuidor Autorizado,7736,https://www.mercadolivre.com.br/apple-iphone-14-plus-256-gb-roxo-distribuidor-autorizado/p/MLB1019615366#searchVariation%3DMLB1019615366%26position%3D15%26search_layout%3Dstack%26type%3Dproduct%26tracking_id%3D400397aa-0bb7-4577-9c12-ec9a773d0223
Apple iPhone 14 128gb Promoção Original - Dash,4299,https://produto.mercadolivre.com.br/MLB-3807698711-apple-iphone-14-128gb-promoco-original-dash-_JM?searchVariation=184121927721#searchVariation%3D184121927721%26position%3D43%26search_layout%3Dstack%26type%3Ditem%26tracking_id%3D400397aa-0bb7-4577-9c12-ec9a773d0223
Apple iPhone 14 (512 GB) - (PRODUCT)RED - Distribuidor Autorizado,8299,https://www.mercadolivre.com.br/apple-iphone-14-512-gb-productred-distribuidor-autorizado/p/MLB1019615326#searchVariation%3DMLB1019615326%26position%3D17%26search_layout%3Dstack%26type%3Dproduct%26tracking_id%3D400397aa-0bb7-4577-9c12-ec9a773d0223
Apple iPhone 13 (512 GB) - Azul - Distribuidor Autorizado,7299,https://www.mercadolivre.com.br/apple-iphone-13-512-gb-azul-distribuidor-autorizado/p/MLB1018500848#searchVariation%3DMLB1018500848%26position%3D18%26search_layout%3Dstack%26type%3Dproduct%26tracking_id%3D400397aa-0bb7-4577-9c12-ec9a773d0223
Apple iPhone 15 Plus (128 GB) - Amarelo - Distribuidor Autorizado,7554,https://www.mercadolivre.com.br/apple-iphone-15-plus-128-gb-amarelo-distribuidor-autorizado/p/MLB1027172691#searchVariation%3DMLB1027172691%26position%3D19%26search_layout%3Dstack%26type%3Dproduct%26tracking_id%3D400397aa-0bb7-4577-9c12-ec9a773d0223
Apple iPhone 13 (256 GB) - Rosa - Distribuidor Autorizado,5999,https://www.mercadolivre.com.br/apple-iphone-13-256-gb-rosa-distribuidor-autorizado/p/MLB1018500850#searchVariation%3DMLB1018500850%26position%3D20%26search_layout%3Dstack%26type%3Dproduct%26tracking_id%3D400397aa-0bb7-4577-9c12-ec9a773d0223
Apple iPhone 14 Pro Max (256 GB) - Roxo-profundo,10589,https://www.mercadolivre.com.br/apple-iphone-14-pro-max-256-gb-roxo-profundo/p/MLB19615354#searchVariation%3DMLB19615354%26position%3D21%26search_layout%3Dstack%26type%3Dproduct%26tracking_id%3D400397aa-0bb7-4577-9c12-ec9a773d0223
"iPhone 14 Plus Apple (256gb) Roxo, Tela De 6,7 , 5g",5863,https://produto.mercadolivre.com.br/MLB-3723677277-iphone-14-plus-apple-256gb-roxo-tela-de-67-5g-_JM#position%3D44%26search_layout%3Dstack%26type%3Ditem%26tracking_id%3D400397aa-0bb7-4577-9c12-ec9a773d0223
iPhone X 256 Gb Lindo 10x Sem Juros,1800,https://produto.mercadolivre.com.br/MLB-4145272862-iphone-x-256-gb-lindo-10x-sem-juros-_JM?searchVariation=180395881737#searchVariation%3D180395881737%26position%3D45%26search_layout%3Dstack%26type%3Ditem%26tracking_id%3D400397aa-0bb7-4577-9c12-ec9a773d0223
iPhone 6 64 Gb Preto Lindo + Nota-fiscal,567,https://produto.mercadolivre.com.br/MLB-4129112816-iphone-6-64-gb-preto-lindo-nota-fiscal-_JM?searchVariation=180287246741#searchVariation%3D180287246741%26position%3D46%26search_layout%3Dstack%26type%3Ditem%26tracking_id%3D400397aa-0bb7-4577-9c12-ec9a773d0223
Apple iPhone 14 (512 GB) - Estelar - Distribuidor Autorizado,7065,https://www.mercadolivre.com.br/apple-iphone-14-512-gb-estelar-distribuidor-autorizado/p/MLB1019615363#searchVariation%3DMLB1019615363%26position%3D22%26search_layout%3Dstack%26type%3Dproduct%26tracking_id%3D400397aa-0bb7-4577-9c12-ec9a773d0223
"iPhone 15 Plus 512gb Verde Tela 6,7 5g Câmera 48mp",10284,https://produto.mercadolivre.com.br/MLB-3460320749-iphone-15-plus-512gb-verde-tela-67-5g-cmera-48mp-_JM?searchVariation=180106564159#searchVariation%3D180106564159%26position%3D47%26search_layout%3Dstack%26type%3Ditem%26tracking_id%3D400397aa-0bb7-4577-9c12-ec9a773d0223
Apple iPhone 14 Plus (256 GB) - Meia-noite - Distribuidor Autorizado,5999,https://www.mercadolivre.com.br/apple-iphone-14-plus-256-gb-meia-noite-distribuidor-autorizado/p/MLB1019615373#searchVariation%3DMLB1019615373%26position%3D23%26search_layout%3Dstack%26type%3Dproduct%26tracking_id%3D400397aa-0bb7-4577-9c12-ec9a773d0223
Usado: iPhone 14 Pro 512gb Preto Espacial Bom - Trocafone,5629,https://produto.mercadolivre.com.br/MLB-4939159396-usado-iphone-14-pro-512gb-preto-espacial-bom-trocafone-_JM#position%3D48%26search_layout%3Dstack%26type%3Ditem%26tracking_id%3D400397aa-0bb7-4577-9c12-ec9a773d0223
iPhone 7 128 Gb Preto-fosco Lindo Envio Imediato,780,https://produto.mercadolivre.com.br/MLB-3599162631-iphone-7-128-gb-preto-fosco-lindo-envio-imediato-_JM?searchVariation=181743224845#searchVariation%3D181743224845%26position%3D2%26search_layout%3Dstack%26type%3Ditem%26tracking_id%3Db7365164-874c-4200-8bdd-8df8b50bb389
Smartphone iPhone SE A1723 16gb 2gb Ram Space Gray Excelente,399,https://produto.mercadolivre.com.br/MLB-3807413013-smartphone-iphone-se-a1723-16gb-2gb-ram-space-gray-excelente-_JM?searchVariation=184118980451#searchVariation%3D184118980451%26position%3D3%26search_layout%3Dstack%26type%3Ditem%26tracking_id%3Db7365164-874c-4200-8bdd-8df8b50bb389
iPhone 8 64 Gb Cinza-espacial Lindo + Caixa Original,1000,https://produto.mercadolivre.com.br/MLB-3715791907-iphone-8-64-gb-cinza-espacial-lindo-caixa-original-_JM?searchVariation=180610828920#searchVariation%3D180610828920%26position%3D4%26search_layout%3Dstack%26type%3Ditem%26tracking_id%3Db7365164-874c-4200-8bdd-8df8b50bb389
iPhone 7 Plus 32 Gb Preto-fosco Lindo Envio Imediato,950,https://produto.mercadolivre.com.br/MLB-3743810383-iphone-7-plus-32-gb-preto-fosco-lindo-envio-imediato-_JM?searchVariation=183189107571#searchVariation%3D183189107571%26position%3D5%26search_layout%3Dstack%26type%3Ditem%26tracking_id%3Db7365164-874c-4200-8bdd-8df8b50bb389
iPhone SE 2020 (2a Geração) 64 Gb - Preto,749,https://produto.mercadolivre.com.br/MLB-4944332928-iphone-se-2020-2a-geraco-64-gb-preto-_JM?searchVariation=183900994355#searchVariation%3D183900994355%26position%3D6%26search_layout%3Dstack%26type%3Ditem%26tracking_id%3Db7365164-874c-4200-8bdd-8df8b50bb389
iPhone 6s Plus 32 Gb Lindo 10x Sem Juros,810,https://produto.mercadolivre.com.br/MLB-3777762619-iphone-6s-plus-32-gb-lindo-10x-sem-juros-_JM?searchVariation=183654033983#searchVariation%3D183654033983%26position%3D7%26search_layout%3Dstack%26type%3Ditem%26tracking_id%3Db7365164-874c-4200-8bdd-8df8b50bb389
iPhone 15 128gb Lacrado Dual Sim Película + Capinha Brinde,5399,https://produto.mercadolivre.com.br/MLB-4846787156-iphone-15-128gb-lacrado-dual-sim-pelicula-capinha-brinde-_JM?searchVariation=180915370194#searchVariation%3D180915370194%26position%3D8%26search_layout%3Dstack%26type%3Ditem%26tracking_id%3Db7365164-874c-4200-8bdd-8df8b50bb389
iPhone XS Max 256gb Prata Excelente - Trocafone - Usado,1929,https://produto.mercadolivre.com.br/MLB-2692249743-iphone-xs-max-256gb-prata-excelente-trocafone-usado-_JM#position%3D9%26search_layout%3Dstack%26type%3Ditem%26tracking_id%3Db7365164-874c-4200-8bdd-8df8b50bb389
iPhone 12 256gb,2699,https://produto.mercadolivre.com.br/MLB-3696229200-iphone-12-256gb-_JM?searchVariation=183953172737#searchVariation%3D183953172737%26position%3D10%26search_layout%3Dstack%26type%3Ditem%26tracking_id%3Db7365164-874c-4200-8bdd-8df8b50bb389
iPhone 15 Pro 256gb Dual E-sim 5g 8gb Capa + Pelicula Brinde,8119,https://produto.mercadolivre.com.br/MLB-3665407845-iphone-15-pro-256gb-dual-e-sim-5g-8gb-capa-pelicula-brinde-_JM?searchVariation=182539941031#searchVariation%3D182539941031%26position%3D11%26search_layout%3Dstack%26type%3Ditem%26tracking_id%3Db7365164-874c-4200-8bdd-8df8b50bb389
iPhone 11 256gb,2299,https://produto.mercadolivre.com.br/MLB-2872434525-iphone-11-256gb-_JM?searchVariation=175533971055#searchVariation%3D175533971055%26position%3D12%26search_layout%3Dstack%26type%3Ditem%26tracking_id%3Db7365164-874c-4200-8bdd-8df8b50bb389
iPhone 13 128gb Azul- Modelo De Vitrine+brindes+nota Fiscal,3586,https://produto.mercadolivre.com.br/MLB-3623518751-iphone-13-128gb-azul-modelo-de-vitrinebrindesnota-fiscal-_JM?searchVariation=180044168716#searchVariation%3D180044168716%26position%3D13%26search_layout%3Dstack%26type%3Ditem%26tracking_id%3Db7365164-874c-4200-8bdd-8df8b50bb389
Vitrine Apple iPhone 12 Mini (64 Gb) - Roxo,1999,https://produto.mercadolivre.com.br/MLB-4109961582-vitrine-apple-iphone-12-mini-64-gb-roxo-_JM?searchVariation=180207551133#searchVariation%3D180207551133%26position%3D14%26search_layout%3Dstack%26type%3Ditem%26tracking_id%3Db7365164-874c-4200-8bdd-8df8b50bb389
iPhone 8 Plus 256gb,1599,https://produto.mercadolivre.com.br/MLB-2767462647-iphone-8-plus-256gb-_JM?searchVariation=175708022811#searchVariation%3D175708022811%26position%3D15%26search_layout%3Dstack%26type%3Ditem%26tracking_id%3Db7365164-874c-4200-8bdd-8df8b50bb389
Apple iPhone 13 Pro (128 Gb) -dourado-modelo Swap+brindes,4447,https://produto.mercadolivre.com.br/MLB-3797910123-apple-iphone-13-pro-128-gb-dourado-modelo-swapbrindes-_JM?searchVariation=183967923809#searchVariation%3D183967923809%26position%3D16%26search_layout%3Dstack%26type%3Ditem%26tracking_id%3Db7365164-874c-4200-8bdd-8df8b50bb389
iPhone 13 Pro Max 128gb,4399,https://produto.mercadolivre.com.br/MLB-3079920373-iphone-13-pro-max-128gb-_JM?searchVariation=178702760661#searchVariation%3D178702760661%26position%3D17%26search_layout%3Dstack%26type%3Ditem%26tracking_id%3Db7365164-874c-4200-8bdd-8df8b50bb389
Vitrine Apple iPhone XR 64 Gb - Preto,1599,https://produto.mercadolivre.com.br/MLB-3474976291-vitrine-apple-iphone-xr-64-gb-preto-_JM?searchVariation=180219791857#searchVariation%3D180219791857%26position%3D18%26search_layout%3Dstack%26type%3Ditem%26tracking_id%3Db7365164-874c-4200-8bdd-8df8b50bb389
Apple iPhone 12 Pro (256 GB) - Prateado,4499,https://www.mercadolivre.com.br/apple-iphone-12-pro-256-gb-prateado/p/MLB16163684#searchVariation%3DMLB16163684%26position%3D2%26search_layout%3Dstack%26type%3Dproduct%26tracking_id%3Db7365164-874c-4200-8bdd-8df8b50bb389
Celular Apple iPhone 5s 16gb - Muito Bom,379,https://produto.mercadolivre.com.br/MLB-4829194330-celular-apple-iphone-5s-16gb-muito-bom-_JM?searchVariation=180840966658#searchVariation%3D180840966658%26position%3D19%26search_layout%3Dstack%26type%3Ditem%26tracking_id%3Db7365164-874c-4200-8bdd-8df8b50bb389
iPhone XS 256 Gb ( Msg De Peça ) Excelente,1699,https://produto.mercadolivre.com.br/MLB-3785410849-iphone-xs-256-gb-msg-de-peca-excelente-_JM?searchVariation=181129888738#searchVariation%3D181129888738%26position%3D20%26search_layout%3Dstack%26type%3Ditem%26tracking_id%3Db7365164-874c-4200-8bdd-8df8b50bb389
iPhone 11 Pro 256 Gb Cinza-espacial Lindo 10x Sem Juros,3100,https://produto.mercadolivre.com.br/MLB-3552291957-iphone-11-pro-256-gb-cinza-espacial-lindo-10x-sem-juros-_JM?searchVariation=181220537377#searchVariation%3D181220537377%26position%3D21%26search_layout%3Dstack%26type%3Ditem%26tracking_id%3Db7365164-874c-4200-8bdd-8df8b50bb389
"iPhone 15 Plus 128 Gb Preto Tela 6,7 5g Câmera 48mp",6399,https://produto.mercadolivre.com.br/MLB-4851575738-iphone-15-plus-128-gb-preto-tela-67-5g-cmera-48mp-_JM?searchVariation=183460438911#searchVariation%3D183460438911%26position%3D22%26search_layout%3Dstack%26type%3Ditem%26tracking_id%3Db7365164-874c-4200-8bdd-8df8b50bb389
Usado: iPhone 6s 32gb Cinza Espacial Bom - Trocafone,489,https://produto.mercadolivre.com.br/MLB-2646193281-usado-iphone-6s-32gb-cinza-espacial-bom-trocafone-_JM#position%3D23%26search_layout%3Dstack%26type%3Ditem%26tracking_id%3Db7365164-874c-4200-8bdd-8df8b50bb389
Apple iPhone 13 Mini 128 Gb Meia Noite - Excelente,2999,https://produto.mercadolivre.com.br/MLB-4206245628-apple-iphone-13-mini-128-gb-meia-noite-excelente-_JM?searchVariation=180668966639#searchVariation%3D180668966639%26position%3D24%26search_layout%3Dstack%26type%3Ditem%26tracking_id%3Db7365164-874c-4200-8bdd-8df8b50bb389
iPhone 15 Pro Max Dual Sim 256 Gb Titânio Branco,7950,https://produto.mercadolivre.com.br/MLB-3649820277-iphone-15-pro-max-dual-sim-256-gb-titnio-branco-_JM?searchVariation=180252726242#searchVariation%3D180252726242%26position%3D25%26search_layout%3Dstack%26type%3Ditem%26tracking_id%3Db7365164-874c-4200-8bdd-8df8b50bb389
Apple iPhone 11 Pro Max 256gb Promoção Original - Dash,3299,https://produto.mercadolivre.com.br/MLB-3807614931-apple-iphone-11-pro-max-256gb-promoco-original-dash-_JM?searchVariation=184121540829#searchVariation%3D184121540829%26position%3D26%26search_layout%3Dstack%26type%3Ditem%26tracking_id%3Db7365164-874c-4200-8bdd-8df8b50bb389
Apple iPhone 12 Pro Max 128gb Promoção Original - Dash,4299,https://produto.mercadolivre.com.br/MLB-3807633413-apple-iphone-12-pro-max-128gb-promoco-original-dash-_JM?searchVariation=184121878535#searchVariation%3D184121878535%26position%3D27%26search_layout%3Dstack%26type%3Ditem%26tracking_id%3Db7365164-874c-4200-8bdd-8df8b50bb389
Apple iPhone 14 128gb Promoção À Vista Original - Dash,4299,https://produto.mercadolivre.com.br/MLB-3807976681-apple-iphone-14-128gb-promoco-vista-original-dash-_JM?searchVariation=184123240637#searchVariation%3D184123240637%26position%3D28%26search_layout%3Dstack%26type%3Ditem%26tracking_id%3Db7365164-874c-4200-8bdd-8df8b50bb389
iPhone X 256gb Cinza Espacial Muito Bom - Celular Usado,1409,https://produto.mercadolivre.com.br/MLB-2045754525-iphone-x-256gb-cinza-espacial-muito-bom-celular-usado-_JM#position%3D29%26search_layout%3Dstack%26type%3Ditem%26tracking_id%3Db7365164-874c-4200-8bdd-8df8b50bb389
iPhone 4s 16gb Preto | Relíquia Para Colecionadores,600,https://produto.mercadolivre.com.br/MLB-3734138551-iphone-4s-16gb-preto-reliquia-para-colecionadores-_JM?searchVariation=180700747886#searchVariation%3D180700747886%26position%3D30%26search_layout%3Dstack%26type%3Ditem%26tracking_id%3Db7365164-874c-4200-8bdd-8df8b50bb389
iPhone 5c - 16 Gb Branco,250,https://produto.mercadolivre.com.br/MLB-3772448787-iphone-5c-16-gb-branco-_JM?searchVariation=183573641353#searchVariation%3D183573641353%26position%3D31%26search_layout%3Dstack%26type%3Ditem%26tracking_id%3Db7365164-874c-4200-8bdd-8df8b50bb389
iPhone 3gs Usado 32gb Apple Orig Modelo 1303 Ler Descrição,339,https://produto.mercadolivre.com.br/MLB-4484847216-iphone-3gs-usado-32gb-apple-orig-modelo-1303-ler-descrico-_JM?searchVariation=179952842028#searchVariation%3D179952842028%26position%3D32%26search_layout%3Dstack%26type%3Ditem%26tracking_id%3Db7365164-874c-4200-8bdd-8df8b50bb389
Apple iPhone 14 Pro 256 Gb Preto,5749,https://produto.mercadolivre.com.br/MLB-3450198681-apple-iphone-14-pro-256-gb-preto-_JM?searchVariation=178778963578#searchVariation%3D178778963578%26position%3D33%26search_layout%3Dstack%26type%3Ditem%26tracking_id%3Db7365164-874c-4200-8bdd-8df8b50bb389
iPhone 4 E iPod Funcionando C/ Carregador-item Colecionador,799,https://produto.mercadolivre.com.br/MLB-4382720442-iphone-4-e-ipod-funcionando-c-carregador-item-colecionador-_JM?searchVariation=179732481568#searchVariation%3D179732481568%26position%3D34%26search_layout%3Dstack%26type%3Ditem%26tracking_id%3Db7365164-874c-4200-8bdd-8df8b50bb389
iPhone 5 Apple Modelo A1428 Preto - Não Liga,69,https://produto.mercadolivre.com.br/MLB-4751846536-iphone-5-apple-modelo-a1428-preto-no-liga-_JM?searchVariation=183038017493#searchVariation%3D183038017493%26position%3D35%26search_layout%3Dstack%26type%3Ditem%26tracking_id%3Db7365164-874c-4200-8bdd-8df8b50bb389
iPhone 6 64 Gb Prateado Apple Ios A1549 Necessita Conserto!,200,https://produto.mercadolivre.com.br/MLB-3135488773-iphone-6-64-gb-prateado-apple-ios-a1549-necessita-conserto-_JM?searchVariation=176367152626#searchVariation%3D176367152626%26position%3D36%26search_layout%3Dstack%26type%3Ditem%26tracking_id%3Db7365164-874c-4200-8bdd-8df8b50bb389
Apple iPhone 14 Pro Max (1 Tb) - Preto Espacial Top!,8400,https://produto.mercadolivre.com.br/MLB-4975196608-apple-iphone-14-pro-max-1-tb-preto-espacial-top-_JM?searchVariation=184085277679#searchVariation%3D184085277679%26position%3D37%26search_layout%3Dstack%26type%3Ditem%26tracking_id%3Db7365164-874c-4200-8bdd-8df8b50bb389
iPhone 14pro Max 128gb Roxo Profundo,5000,https://produto.mercadolivre.com.br/MLB-3769611079-iphone-14pro-max-128gb-roxo-profundo-_JM?searchVariation=183530759595#searchVariation%3D183530759595%26position%3D38%26search_layout%3Dstack%26type%3Ditem%26tracking_id%3Db7365164-874c-4200-8bdd-8df8b50bb389
Apple iPhone 12 Pro (512 GB) - Azul-pacífico,4256,https://www.mercadolivre.com.br/apple-iphone-12-pro-512-gb-azul-pacifico/p/MLB16163690#searchVariation%3DMLB16163690%26position%3D47%26search_layout%3Dstack%26type%3Dproduct%26tracking_id%3Db7365164-874c-4200-8bdd-8df8b50bb389
iPhone 7 32gb - Seminovo,659,https://produto.mercadolivre.com.br/MLB-3024708622-iphone-7-32gb-seminovo-_JM?searchVariation=176024570342#searchVariation%3D176024570342%26position%3D39%26search_layout%3Dstack%26type%3Ditem%26tracking_id%3Db7365164-874c-4200-8bdd-8df8b50bb389
Smartphone iPhone SE A1723 16gb 2gb Ram Rose Gold Excelente,365,https://produto.mercadolivre.com.br/MLB-3807432823-smartphone-iphone-se-a1723-16gb-2gb-ram-rose-gold-excelente-_JM?searchVariation=181300973026#searchVariation%3D181300973026%26position%3D40%26search_layout%3Dstack%26type%3Ditem%26tracking_id%3Db7365164-874c-4200-8bdd-8df8b50bb389
Smartphone iPhone SE A1723 16gb 2gb Ram Space Gray Excelente,365,https://produto.mercadolivre.com.br/MLB-3807458179-smartphone-iphone-se-a1723-16gb-2gb-ram-space-gray-excelente-_JM?searchVariation=184118994451#searchVariation%3D184118994451%26position%3D41%26search_layout%3Dstack%26type%3Ditem%26tracking_id%3Db7365164-874c-4200-8bdd-8df8b50bb389
Smartphone iPhone SE A1723 64gb 2gb Ram Rose Gold Excelente,505,https://produto.mercadolivre.com.br/MLB-4979318706-smartphone-iphone-se-a1723-64gb-2gb-ram-rose-gold-excelente-_JM?searchVariation=184117967431#searchVariation%3D184117967431%26position%3D42%26search_layout%3Dstack%26type%3Ditem%26tracking_id%3Db7365164-874c-4200-8bdd-8df8b50bb389
iPhone 7 128 Gb Lindo Varias Cores 10x Sem Juros,800,https://produto.mercadolivre.com.br/MLB-3728801559-iphone-7-128-gb-lindo-varias-cores-10x-sem-juros-_JM?searchVariation=183075069925#searchVariation%3D183075069925%26position%3D43%26search_layout%3Dstack%26type%3Ditem%26tracking_id%3Db7365164-874c-4200-8bdd-8df8b50bb389
iPhone 7 32 Gb Ouro Rosa Lindo 10x Sem Juros,700,https://produto.mercadolivre.com.br/MLB-4145079972-iphone-7-32-gb-ouro-rosa-lindo-10x-sem-juros-_JM?searchVariation=180368842837#searchVariation%3D180368842837%26position%3D44%26search_layout%3Dstack%26type%3Ditem%26tracking_id%3Db7365164-874c-4200-8bdd-8df8b50bb389
iPhone 7 32 Gb Preto-fosco Lindo + Caixa Original,750,https://produto.mercadolivre.com.br/MLB-3671256827-iphone-7-32-gb-preto-fosco-lindo-caixa-original-_JM?searchVariation=180375611640#searchVariation%3D180375611640%26position%3D45%26search_layout%3Dstack%26type%3Ditem%26tracking_id%3Db7365164-874c-4200-8bdd-8df8b50bb389
iPhone 7 32 Gb Preto Lindo Envio Imediato,700,https://produto.mercadolivre.com.br/MLB-4628075578-iphone-7-32-gb-preto-lindo-envio-imediato-_JM?searchVariation=180362521678#searchVariation%3D180362521678%26position%3D46%26search_layout%3Dstack%26type%3Ditem%26tracking_id%3Db7365164-874c-4200-8bdd-8df8b50bb389
iPhone 7 128 Gb Lindo Varias Cores Envio Imediato,750,https://produto.mercadolivre.com.br/MLB-3728827265-iphone-7-128-gb-lindo-varias-cores-envio-imediato-_JM?searchVariation=183075047873#searchVariation%3D183075047873%26position%3D47%26search_layout%3Dstack%26type%3Ditem%26tracking_id%3Db7365164-874c-4200-8bdd-8df8b50bb389
iPhone 7 Plus 32 Gb Preto-fosco Lindo 10x Sem Juros,1050,https://produto.mercadolivre.com.br/MLB-4145077790-iphone-7-plus-32-gb-preto-fosco-lindo-10x-sem-juros-_JM?searchVariation=179048574196#searchVariation%3D179048574196%26position%3D1%26search_layout%3Dstack%26type%3Ditem%26tracking_id%3D53b5a2f0-2f21-496b-a2b8-a11bad6cb564
iPhone 7 32 Gb Prata Lindo Envio Imediato,700,https://produto.mercadolivre.com.br/MLB-3728102213-iphone-7-32-gb-prata-lindo-envio-imediato-_JM?searchVariation=183066348005#searchVariation%3D183066348005%26position%3D2%26search_layout%3Dstack%26type%3Ditem%26tracking_id%3D53b5a2f0-2f21-496b-a2b8-a11bad6cb564
iPhone SE (2ª Geração) 64gb,1259,https://produto.mercadolivre.com.br/MLB-2768763233-iphone-se-2-geraco-64gb-_JM?searchVariation=175090256419#searchVariation%3D175090256419%26position%3D3%26search_layout%3Dstack%26type%3Ditem%26tracking_id%3D53b5a2f0-2f21-496b-a2b8-a11bad6cb564
Apple iPhone 15 128gb Preto Lacrado Garantia 1 Ano + Brinde,5990,https://produto.mercadolivre.com.br/MLB-3705510875-apple-iphone-15-128gb-preto-lacrado-garantia-1-ano-brinde-_JM?searchVariation=182895633707#searchVariation%3D182895633707%26position%3D4%26search_layout%3Dstack%26type%3Ditem%26tracking_id%3D53b5a2f0-2f21-496b-a2b8-a11bad6cb564
iPhone 8 64 Gb Lindo 10x Sem Juros,818,https://produto.mercadolivre.com.br/MLB-4152221478-iphone-8-64-gb-lindo-10x-sem-juros-_JM?searchVariation=180531600673#searchVariation%3D180531600673%26position%3D5%26search_layout%3Dstack%26type%3Ditem%26tracking_id%3D53b5a2f0-2f21-496b-a2b8-a11bad6cb564
iPhone 7 32 Gb Dourado Lindo 10x Sem Juros,700,https://produto.mercadolivre.com.br/MLB-4145080574-iphone-7-32-gb-dourado-lindo-10x-sem-juros-_JM?searchVariation=180368843669#searchVariation%3D180368843669%26position%3D6%26search_layout%3Dstack%26type%3Ditem%26tracking_id%3D53b5a2f0-2f21-496b-a2b8-a11bad6cb564
iPhone 8 64 Gb Cinza-espacial Lindo 10x Sem Juros,1040,https://produto.mercadolivre.com.br/MLB-3488180445-iphone-8-64-gb-cinza-espacial-lindo-10x-sem-juros-_JM?searchVariation=180369453975#searchVariation%3D180369453975%26position%3D7%26search_layout%3Dstack%26type%3Ditem%26tracking_id%3D53b5a2f0-2f21-496b-a2b8-a11bad6cb564
Apple iPhone 15 128gb Preto Lacrado Garantia 1 Ano + Brinde,5690,https://produto.mercadolivre.com.br/MLB-4714101312-apple-iphone-15-128gb-preto-lacrado-garantia-1-ano-brinde-_JM?searchVariation=182895636601#searchVariation%3D182895636601%26position%3D8%26search_layout%3Dstack%26type%3Ditem%26tracking_id%3D53b5a2f0-2f21-496b-a2b8-a11bad6cb564
iPhone 7 32 Gb Preto-fosco A1778 Completo,579,https://produto.mercadolivre.com.br/MLB-3638443815-iphone-7-32-gb-preto-fosco-a1778-completo-_JM?searchVariation=182251353397#searchVariation%3D182251353397%26position%3D9%26search_layout%3Dstack%26type%3Ditem%26tracking_id%3D53b5a2f0-2f21-496b-a2b8-a11bad6cb564
iPhone 6s Plus 16 Gb Lindo 10x Sem Juros,810,https://produto.mercadolivre.com.br/MLB-4671435676-iphone-6s-plus-16-gb-lindo-10x-sem-juros-_JM?searchVariation=180451481164#searchVariation%3D180451481164%26position%3D10%26search_layout%3Dstack%26type%3Ditem%26tracking_id%3D53b5a2f0-2f21-496b-a2b8-a11bad6cb564
Apple iPhone 15 128gb Rosa Lacrado Garantia 1 Ano + Brinde,5990,https://produto.mercadolivre.com.br/MLB-4714099294-apple-iphone-15-128gb-rosa-lacrado-garantia-1-ano-brinde-_JM?searchVariation=180565064084#searchVariation%3D180565064084%26position%3D11%26search_layout%3Dstack%26type%3Ditem%26tracking_id%3D53b5a2f0-2f21-496b-a2b8-a11bad6cb564
iPhone 7 32 Gb Dourado Lindo Envio Imediato,700,https://produto.mercadolivre.com.br/MLB-4759618660-iphone-7-32-gb-dourado-lindo-envio-imediato-_JM?searchVariation=180674517582#searchVariation%3D180674517582%26position%3D12%26search_layout%3Dstack%26type%3Ditem%26tracking_id%3D53b5a2f0-2f21-496b-a2b8-a11bad6cb564
iPhone XS Max 256gb Cinza Espacial Bom - Celular Usado,1719,https://produto.mercadolivre.com.br/MLB-2116640079-iphone-xs-max-256gb-cinza-espacial-bom-celular-usado-_JM#position%3D13%26search_layout%3Dstack%26type%3Ditem%26tracking_id%3D53b5a2f0-2f21-496b-a2b8-a11bad6cb564
iPhone 7 Plus 256 Gb Preto Lindo 10x Sem Juros,1150,https://produto.mercadolivre.com.br/MLB-4660725834-iphone-7-plus-256-gb-preto-lindo-10x-sem-juros-_JM?searchVariation=180428430324#searchVariation%3D180428430324%26position%3D14%26search_layout%3Dstack%26type%3Ditem%26tracking_id%3D53b5a2f0-2f21-496b-a2b8-a11bad6cb564
Apple iPhone SE 2020 (2a Geração) 64 Gb - Preto Super Preço,1099,https://produto.mercadolivre.com.br/MLB-3586953797-apple-iphone-se-2020-2a-geraco-64-gb-preto-super-preco-_JM?searchVariation=181649974651#searchVariation%3D181649974651%26position%3D15%26search_layout%3Dstack%26type%3Ditem%26tracking_id%3D53b5a2f0-2f21-496b-a2b8-a11bad6cb564
iPhone 7 Plus 32 Gb Prata Lindo 10x Sem Juros,1050,https://produto.mercadolivre.com.br/MLB-4145169866-iphone-7-plus-32-gb-prata-lindo-10x-sem-juros-_JM?searchVariation=179048528132#searchVariation%3D179048528132%26position%3D16%26search_layout%3Dstack%26type%3Ditem%26tracking_id%3D53b5a2f0-2f21-496b-a2b8-a11bad6cb564
Apple iPhone 12 (128 Gb) - Preto Modelo De Vitrine + Brinde,2649,https://produto.mercadolivre.com.br/MLB-4578417654-apple-iphone-12-128-gb-preto-modelo-de-vitrine-brinde-_JM?searchVariation=180234378354#searchVariation%3D180234378354%26position%3D17%26search_layout%3Dstack%26type%3Ditem%26tracking_id%3D53b5a2f0-2f21-496b-a2b8-a11bad6cb564
Apple iPhone 11 Branco 128gb Lacrado Nota Fiscal 1 Ano Garan,3690,https://produto.mercadolivre.com.br/MLB-4103929574-apple-iphone-11-branco-128gb-lacrado-nota-fiscal-1-ano-garan-_JM?searchVariation=180179592201#searchVariation%3D180179592201%26position%3D18%26search_layout%3Dstack%26type%3Ditem%26tracking_id%3D53b5a2f0-2f21-496b-a2b8-a11bad6cb564
Apple iPhone 11 Preto 64gb Lacrado Nfe Garantia 12 Meses,3390,https://produto.mercadolivre.com.br/MLB-3498469251-apple-iphone-11-preto-64gb-lacrado-nfe-garantia-12-meses-_JM?searchVariation=180488622599#searchVariation%3D180488622599%26position%3D19%26search_layout%3Dstack%26type%3Ditem%26tracking_id%3D53b5a2f0-2f21-496b-a2b8-a11bad6cb564
iPhone XS Max 64gb Dourado Muito Bom - Celular Usado,1639,https://produto.mercadolivre.com.br/MLB-2808568158-iphone-xs-max-64gb-dourado-muito-bom-celular-usado-_JM#position%3D20%26search_layout%3Dstack%26type%3Ditem%26tracking_id%3D53b5a2f0-2f21-496b-a2b8-a11bad6cb564
iPhone 11 128gb - Branco - Vitrine - Bateria 100% + Brindes,2198,https://produto.mercadolivre.com.br/MLB-3175151509-iphone-11-128gb-branco-vitrine-bateria-100-brindes-_JM?searchVariation=176481705920#searchVariation%3D176481705920%26position%3D21%26search_layout%3Dstack%26type%3Ditem%26tracking_id%3D53b5a2f0-2f21-496b-a2b8-a11bad6cb564
Usado: iPhone 11 64gb Preto Bom - Trocafone,1789,https://produto.mercadolivre.com.br/MLB-2045754210-usado-iphone-11-64gb-preto-bom-trocafone-_JM#position%3D22%26search_layout%3Dstack%26type%3Ditem%26tracking_id%3D53b5a2f0-2f21-496b-a2b8-a11bad6cb564
iPhone 12 Mini 128gb,2279,https://produto.mercadolivre.com.br/MLB-2742097523-iphone-12-mini-128gb-_JM?searchVariation=184097305337#searchVariation%3D184097305337%26position%3D23%26search_layout%3Dstack%26type%3Ditem%26tracking_id%3D53b5a2f0-2f21-496b-a2b8-a11bad6cb564
Apple iPhone 12 128gb Branco Lacrado Garantia 1 Ano + Brinde,4290,https://produto.mercadolivre.com.br/MLB-4713822400-apple-iphone-12-128gb-branco-lacrado-garantia-1-ano-brinde-_JM?searchVariation=180564595746#searchVariation%3D180564595746%26position%3D24%26search_layout%3Dstack%26type%3Ditem%26tracking_id%3D53b5a2f0-2f21-496b-a2b8-a11bad6cb564
iPhone XS Max 256gb Dourado Excelente - Celular Usado,1929,https://produto.mercadolivre.com.br/MLB-2133665888-iphone-xs-max-256gb-dourado-excelente-celular-usado-_JM#position%3D25%26search_layout%3Dstack%26type%3Ditem%26tracking_id%3D53b5a2f0-2f21-496b-a2b8-a11bad6cb564
Apple iPhone 11 Branco 128gb Lacrado Nfe Garantia 12 Meses,3890,https://produto.mercadolivre.com.br/MLB-3470593443-apple-iphone-11-branco-128gb-lacrado-nfe-garantia-12-meses-_JM?searchVariation=178924824758#searchVariation%3D178924824758%26position%3D26%26search_layout%3Dstack%26type%3Ditem%26tracking_id%3D53b5a2f0-2f21-496b-a2b8-a11bad6cb564
iPhone 11 128gb Preto Muito Bom - Trocafone - Celular Usado,2089,https://produto.mercadolivre.com.br/MLB-2978593826-iphone-11-128gb-preto-muito-bom-trocafone-celular-usado-_JM#position%3D27%26search_layout%3Dstack%26type%3Ditem%26tracking_id%3D53b5a2f0-2f21-496b-a2b8-a11bad6cb564
Apple iPhone 13 128gb Branco Lacrado Garantia 1 Ano + Brinde,4790,https://produto.mercadolivre.com.br/MLB-4713917120-apple-iphone-13-128gb-branco-lacrado-garantia-1-ano-brinde-_JM?searchVariation=182894901105#searchVariation%3D182894901105%26position%3D28%26search_layout%3Dstack%26type%3Ditem%26tracking_id%3D53b5a2f0-2f21-496b-a2b8-a11bad6cb564
iPhone SE (2a Geração) 64 Gb ( Msg De Peça ) Excelente,999,https://produto.mercadolivre.com.br/MLB-3787975253-iphone-se-2a-geraco-64-gb-msg-de-peca-excelente-_JM?searchVariation=181152751578#searchVariation%3D181152751578%26position%3D29%26search_layout%3Dstack%26type%3Ditem%26tracking_id%3D53b5a2f0-2f21-496b-a2b8-a11bad6cb564
iPhone 15 Pro 256gb Dual E-sim 5g 8gb Capa + Película Brinde,7719,https://produto.mercadolivre.com.br/MLB-3665473091-iphone-15-pro-256gb-dual-e-sim-5g-8gb-capa-pelicula-brinde-_JM?searchVariation=182540071873#searchVariation%3D182540071873%26position%3D30%26search_layout%3Dstack%26type%3Ditem%26tracking_id%3D53b5a2f0-2f21-496b-a2b8-a11bad6cb564
iPhone 11 64gb Branco - Vitrine - Bateria 100% +brindes,2098,https://produto.mercadolivre.com.br/MLB-3175157621-iphone-11-64gb-branco-vitrine-bateria-100-brindes-_JM?searchVariation=176481682085#searchVariation%3D176481682085%26position%3D31%26search_layout%3Dstack%26type%3Ditem%26tracking_id%3D53b5a2f0-2f21-496b-a2b8-a11bad6cb564
Apple iPhone 12 (128 Gb) - Vitrine - Bateria 100%,2738,https://produto.mercadolivre.com.br/MLB-3738944455-apple-iphone-12-128-gb-vitrine-bateria-100-_JM?searchVariation=183151441581#searchVariation%3D183151441581%26position%3D32%26search_layout%3Dstack%26type%3Ditem%26tracking_id%3D53b5a2f0-2f21-496b-a2b8-a11bad6cb564
iPhone SE (2ª Geração) 64 Gb Vermelho - Outlet Touch Id Off,899,https://produto.mercadolivre.com.br/MLB-3790976791-iphone-se-2-geraco-64-gb-vermelho-outlet-touch-id-off-_JM?searchVariation=183864931093#searchVariation%3D183864931093%26position%3D33%26search_layout%3Dstack%26type%3Ditem%26tracking_id%3D53b5a2f0-2f21-496b-a2b8-a11bad6cb564
Apple iPhone 12 Preto 128gb Lacrado Garantia 1 Ano + Brinde,3990,https://produto.mercadolivre.com.br/MLB-3705248963-apple-iphone-12-preto-128gb-lacrado-garantia-1-ano-brinde-_JM?searchVariation=182894548469#searchVariation%3D182894548469%26position%3D34%26search_layout%3Dstack%26type%3Ditem%26tracking_id%3D53b5a2f0-2f21-496b-a2b8-a11bad6cb564
Apple iPhone 12 128gb Branco Lacrado Garantia 1 Ano + Brinde,3990,https://produto.mercadolivre.com.br/MLB-4713846088-apple-iphone-12-128gb-branco-lacrado-garantia-1-ano-brinde-_JM?searchVariation=180564510798#searchVariation%3D180564510798%26position%3D35%26search_layout%3Dstack%26type%3Ditem%26tracking_id%3D53b5a2f0-2f21-496b-a2b8-a11bad6cb564
Apple iPhone 12 Branco 64gb Lacrado Garantia 1 Ano Nfe Envio,3999,https://produto.mercadolivre.com.br/MLB-4169116180-apple-iphone-12-branco-64gb-lacrado-garantia-1-ano-nfe-envio-_JM?searchVariation=179114723952#searchVariation%3D179114723952%26position%3D36%26search_layout%3Dstack%26type%3Ditem%26tracking_id%3D53b5a2f0-2f21-496b-a2b8-a11bad6cb564
iPhone 8 Plus 64 Gb Dourado - Vitrin -bateria 100%,1388,https://produto.mercadolivre.com.br/MLB-2153587329-iphone-8-plus-64-gb-dourado-vitrin-bateria-100-_JM?searchVariation=174129723951#searchVariation%3D174129723951%26position%3D37%26search_layout%3Dstack%26type%3Ditem%26tracking_id%3D53b5a2f0-2f21-496b-a2b8-a11bad6cb564
iPhone 6s Plus 32 Gb Cinza-espacial Lindo 10x Sem Juros,693,https://produto.mercadolivre.com.br/MLB-3768116017-iphone-6s-plus-32-gb-cinza-espacial-lindo-10x-sem-juros-_JM?searchVariation=180961388330#searchVariation%3D180961388330%26position%3D38%26search_layout%3Dstack%26type%3Ditem%26tracking_id%3D53b5a2f0-2f21-496b-a2b8-a11bad6cb564
iPhone XS 64 Gb ( Msg De Peça ) Excelente,1599,https://produto.mercadolivre.com.br/MLB-4918508686-iphone-xs-64-gb-msg-de-peca-excelente-_JM?searchVariation=181129836886#searchVariation%3D181129836886%26position%3D39%26search_layout%3Dstack%26type%3Ditem%26tracking_id%3D53b5a2f0-2f21-496b-a2b8-a11bad6cb564
Celular iPhone 7 128gb Excelente,809,https://produto.mercadolivre.com.br/MLB-2632977505-celular-iphone-7-128gb-excelente-_JM?searchVariation=174476554899#searchVariation%3D174476554899%26position%3D40%26search_layout%3Dstack%26type%3Ditem%26tracking_id%3D53b5a2f0-2f21-496b-a2b8-a11bad6cb564
iPhone 13 Pro 128 Gb ( Msg De Peça ) Excelente,4090,https://produto.mercadolivre.com.br/MLB-3799272763-iphone-13-pro-128-gb-msg-de-peca-excelente-_JM?searchVariation=181239431362#searchVariation%3D181239431362%26position%3D41%26search_layout%3Dstack%26type%3Ditem%26tracking_id%3D53b5a2f0-2f21-496b-a2b8-a11bad6cb564
iPhone 12 Mini 128 Gb ( Bateria 100% ) Excelente,2599,https://produto.mercadolivre.com.br/MLB-4967631662-iphone-12-mini-128-gb-bateria-100-excelente-_JM?searchVariation=181257706344#searchVariation%3D181257706344%26position%3D42%26search_layout%3Dstack%26type%3Ditem%26tracking_id%3D53b5a2f0-2f21-496b-a2b8-a11bad6cb564
iPhone 7 128gb Prateado Muito Bom - Celular Usado,699,https://produto.mercadolivre.com.br/MLB-1921883100-iphone-7-128gb-prateado-muito-bom-celular-usado-_JM#position%3D43%26search_layout%3Dstack%26type%3Ditem%26tracking_id%3D53b5a2f0-2f21-496b-a2b8-a11bad6cb564
Smartphone iPhone SE A1723 64gb 2gb Ram Rose Gold Excelente,548,https://produto.mercadolivre.com.br/MLB-4979311548-smartphone-iphone-se-a1723-64gb-2gb-ram-rose-gold-excelente-_JM?searchVariation=184118269919#searchVariation%3D184118269919%26position%3D44%26search_layout%3Dstack%26type%3Ditem%26tracking_id%3D53b5a2f0-2f21-496b-a2b8-a11bad6cb564
Usado: iPhone XS Max 256gb Dourado Muito Bom - Trocafone,1829,https://produto.mercadolivre.com.br/MLB-3240339177-usado-iphone-xs-max-256gb-dourado-muito-bom-trocafone-_JM#position%3D45%26search_layout%3Dstack%26type%3Ditem%26tracking_id%3D53b5a2f0-2f21-496b-a2b8-a11bad6cb564
Apple iPhone 13 128gb Branco Lacrado Garantia 1 Ano + Brinde,4490,https://produto.mercadolivre.com.br/MLB-4713827040-apple-iphone-13-128gb-branco-lacrado-garantia-1-ano-brinde-_JM?searchVariation=182894922801#searchVariation%3D182894922801%26position%3D46%26search_layout%3Dstack%26type%3Ditem%26tracking_id%3D53b5a2f0-2f21-496b-a2b8-a11bad6cb564
Smartphone iPhone SE A1723 16gb 2gb Ram Rose Gold Excelente,397,https://produto.mercadolivre.com.br/MLB-3807373175-smartphone-iphone-se-a1723-16gb-2gb-ram-rose-gold-excelente-_JM?searchVariation=181301035046#searchVariation%3D181301035046%26position%3D47%26search_layout%3Dstack%26type%3Ditem%26tracking_id%3D53b5a2f0-2f21-496b-a2b8-a11bad6cb564
Smartphone iPhone SE A1723 16gb 2gb Ram Space Gray Excelente,397,https://produto.mercadolivre.com.br/MLB-4979575502-smartphone-iphone-se-a1723-16gb-2gb-ram-space-gray-excelente-_JM?searchVariation=184119535803#searchVariation%3D184119535803%26position%3D48%26search_layout%3Dstack%26type%3Ditem%26tracking_id%3D53b5a2f0-2f21-496b-a2b8-a11bad6cb564
Apple iPhone 11 Preto 128gb Lacrado Garantia 1 Ano + Nf,3690,https://produto.mercadolivre.com.br/MLB-3456746175-apple-iphone-11-preto-128gb-lacrado-garantia-1-ano-nf-_JM?searchVariation=180046919689#searchVariation%3D180046919689%26position%3D49%26search_layout%3Dstack%26type%3Ditem%26tracking_id%3D53b5a2f0-2f21-496b-a2b8-a11bad6cb564
iPhone XS 256 Gb Dourado Lindo 10x Sem Juros,1700,https://produto.mercadolivre.com.br/MLB-3565621515-iphone-xs-256-gb-dourado-lindo-10x-sem-juros-_JM?searchVariation=179659366532#searchVariation%3D179659366532%26position%3D1%26search_layout%3Dstack%26type%3Ditem%26tracking_id%3D20b99de1-0bd1-4d52-9160-31a4498d06fe
iPhone XS Max 64gb Prata Muito Bom Seminovo Trocafone,1639,https://produto.mercadolivre.com.br/MLB-4084391418-iphone-xs-max-64gb-prata-muito-bom-seminovo-trocafone-_JM#position%3D2%26search_layout%3Dstack%26type%3Ditem%26tracking_id%3D20b99de1-0bd1-4d52-9160-31a4498d06fe
Smartphone iPhone SE A1723 16gb 2gb Ram Rose Gold Excelente,363,https://produto.mercadolivre.com.br/MLB-3807455615-smartphone-iphone-se-a1723-16gb-2gb-ram-rose-gold-excelente-_JM?searchVariation=184118989491#searchVariation%3D184118989491%26position%3D3%26search_layout%3Dstack%26type%3Ditem%26tracking_id%3D20b99de1-0bd1-4d52-9160-31a4498d06fe
Smartphone iPhone SE A1723 64gb 2gb Ram Rose Gold Excelente,503,https://produto.mercadolivre.com.br/MLB-4979382612-smartphone-iphone-se-a1723-64gb-2gb-ram-rose-gold-excelente-_JM?searchVariation=181300883298#searchVariation%3D181300883298%26position%3D4%26search_layout%3Dstack%26type%3Ditem%26tracking_id%3D20b99de1-0bd1-4d52-9160-31a4498d06fe
Smartphone iPhone SE A1723 16gb 2gb Ram Space Gray Excelente,363,https://produto.mercadolivre.com.br/MLB-4979588098-smartphone-iphone-se-a1723-16gb-2gb-ram-space-gray-excelente-_JM?searchVariation=184119512781#searchVariation%3D184119512781%26position%3D5%26search_layout%3Dstack%26type%3Ditem%26tracking_id%3D20b99de1-0bd1-4d52-9160-31a4498d06fe
Apple iPhone XR (64 Gb) - Preto - Vitrine - P. Entregac/nfe!,2699,https://produto.mercadolivre.com.br/MLB-4979384614-apple-iphone-xr-64-gb-preto-vitrine-p-entregacnfe-_JM?searchVariation=184118625305#searchVariation%3D184118625305%26position%3D6%26search_layout%3Dstack%26type%3Ditem%26tracking_id%3D20b99de1-0bd1-4d52-9160-31a4498d06fe
Aparelho iPhone 7 128gb Preto Fosco A1778,729,https://produto.mercadolivre.com.br/MLB-4736732684-aparelho-iphone-7-128gb-preto-fosco-a1778-_JM?searchVariation=182985999283#searchVariation%3D182985999283%26position%3D7%26search_layout%3Dstack%26type%3Ditem%26tracking_id%3D20b99de1-0bd1-4d52-9160-31a4498d06fe
Apple iPhone SE 2020 64 Gb Preto | Usado Bom,2299,https://produto.mercadolivre.com.br/MLB-4944736080-apple-iphone-se-2020-64-gb-preto-usado-bom-_JM?searchVariation=183903527077#searchVariation%3D183903527077%26position%3D8%26search_layout%3Dstack%26type%3Ditem%26tracking_id%3D20b99de1-0bd1-4d52-9160-31a4498d06fe
iPhone XS 64gb Cinza Espacial Muito Bom,1509,https://produto.mercadolivre.com.br/MLB-1699548983-iphone-xs-64gb-cinza-espacial-muito-bom-_JM#position%3D9%26search_layout%3Dstack%26type%3Ditem%26tracking_id%3D20b99de1-0bd1-4d52-9160-31a4498d06fe
iPhone XS Max 64 Gb ( Msg De Peça ) Poucas Marcas,1649,https://produto.mercadolivre.com.br/MLB-4967852422-iphone-xs-max-64-gb-msg-de-peca-poucas-marcas-_JM?searchVariation=181258754438#searchVariation%3D181258754438%26position%3D10%26search_layout%3Dstack%26type%3Ditem%26tracking_id%3D20b99de1-0bd1-4d52-9160-31a4498d06fe
iPhone 8 Barato Preto Com Biometria Sem Icloud Nfe Garantia,1390,https://produto.mercadolivre.com.br/MLB-3685014895-iphone-8-barato-preto-com-biometria-sem-icloud-nfe-garantia-_JM?searchVariation=180443687630#searchVariation%3D180443687630%26position%3D11%26search_layout%3Dstack%26type%3Ditem%26tracking_id%3D20b99de1-0bd1-4d52-9160-31a4498d06fe
Aparelho iPhone 7 256gb Preto Fosco A1778,999,https://produto.mercadolivre.com.br/MLB-4518502840-aparelho-iphone-7-256gb-preto-fosco-a1778-_JM?searchVariation=182081600345#searchVariation%3D182081600345%26position%3D12%26search_layout%3Dstack%26type%3Ditem%26tracking_id%3D20b99de1-0bd1-4d52-9160-31a4498d06fe
iPhone 11 128gb - Vitrine - Bateria 100% + Brinde,2209,https://produto.mercadolivre.com.br/MLB-4825739376-iphone-11-128gb-vitrine-bateria-100-brinde-_JM?searchVariation=180827792116#searchVariation%3D180827792116%26position%3D13%26search_layout%3Dstack%26type%3Ditem%26tracking_id%3D20b99de1-0bd1-4d52-9160-31a4498d06fe
iPhone XS Max 256gb Cinza Espacial Muito Bom - Usado,1829,https://produto.mercadolivre.com.br/MLB-2695136505-iphone-xs-max-256gb-cinza-espacial-muito-bom-usado-_JM#position%3D14%26search_layout%3Dstack%26type%3Ditem%26tracking_id%3D20b99de1-0bd1-4d52-9160-31a4498d06fe
Apple iPhone 15 Plus 128 Gb Amarelo 6gb Tela 6.7,6899,https://produto.mercadolivre.com.br/MLB-3802517347-apple-iphone-15-plus-128-gb-amarelo-6gb-tela-67-_JM?searchVariation=181260137230#searchVariation%3D181260137230%26position%3D15%26search_layout%3Dstack%26type%3Ditem%26tracking_id%3D20b99de1-0bd1-4d52-9160-31a4498d06fe
iPhone XS Max 512gb Usado Seminovo Prata Excelente,2089,https://produto.mercadolivre.com.br/MLB-1407582995-iphone-xs-max-512gb-usado-seminovo-prata-excelente-_JM#position%3D16%26search_layout%3Dstack%26type%3Ditem%26tracking_id%3D20b99de1-0bd1-4d52-9160-31a4498d06fe
iPhone 13 256 Gb Estelar - 1 Ano De Garantia - Excelente,3399,https://produto.mercadolivre.com.br/MLB-4652136476-iphone-13-256-gb-estelar-1-ano-de-garantia-excelente-_JM?searchVariation=180406189440#searchVariation%3D180406189440%26position%3D17%26search_layout%3Dstack%26type%3Ditem%26tracking_id%3D20b99de1-0bd1-4d52-9160-31a4498d06fe
Usado: iPhone XR 128gb Preto Muito Bom - Trocafone,1559,https://produto.mercadolivre.com.br/MLB-3863003850-usado-iphone-xr-128gb-preto-muito-bom-trocafone-_JM#position%3D18%26search_layout%3Dstack%26type%3Ditem%26tracking_id%3D20b99de1-0bd1-4d52-9160-31a4498d06fe
iPhone 7 32 Gb Preto-fosco Semi-novo,660,https://produto.mercadolivre.com.br/MLB-3639599335-iphone-7-32-gb-preto-fosco-semi-novo-_JM?searchVariation=180181560568#searchVariation%3D180181560568%26position%3D19%26search_layout%3Dstack%26type%3Ditem%26tracking_id%3D20b99de1-0bd1-4d52-9160-31a4498d06fe
Celular Apple iPhone 8 Plus 64gb + Carregador Promoção,1399,https://produto.mercadolivre.com.br/MLB-3804787389-celular-apple-iphone-8-plus-64gb-carregador-promoco-_JM?searchVariation=181281530874#searchVariation%3D181281530874%26position%3D20%26search_layout%3Dstack%26type%3Ditem%26tracking_id%3D20b99de1-0bd1-4d52-9160-31a4498d06fe
Apple iPhone SE (2a Geração) 64 Gb Branco | Excelente,1099,https://produto.mercadolivre.com.br/MLB-4908687910-apple-iphone-se-2a-geraco-64-gb-branco-excelente-_JM?searchVariation=183741937187#searchVariation%3D183741937187%26position%3D21%26search_layout%3Dstack%26type%3Ditem%26tracking_id%3D20b99de1-0bd1-4d52-9160-31a4498d06fe
iPhone 11 64gb Verde Bom - Trocafone - Celular Usado,1789,https://produto.mercadolivre.com.br/MLB-3223736529-iphone-11-64gb-verde-bom-trocafone-celular-usado-_JM#position%3D22%26search_layout%3Dstack%26type%3Ditem%26tracking_id%3D20b99de1-0bd1-4d52-9160-31a4498d06fe
Apple iPhone 15 128gb Rosa Lacrado Garantia 1 Ano + Brinde,5690,https://produto.mercadolivre.com.br/MLB-4714136666-apple-iphone-15-128gb-rosa-lacrado-garantia-1-ano-brinde-_JM?searchVariation=180564980132#searchVariation%3D180564980132%26position%3D23%26search_layout%3Dstack%26type%3Ditem%26tracking_id%3D20b99de1-0bd1-4d52-9160-31a4498d06fe
iPhone XS Max 256gb Dourado Bom - Trocafone - Celular Usado,1719,https://produto.mercadolivre.com.br/MLB-2116647482-iphone-xs-max-256gb-dourado-bom-trocafone-celular-usado-_JM#position%3D24%26search_layout%3Dstack%26type%3Ditem%26tracking_id%3D20b99de1-0bd1-4d52-9160-31a4498d06fe
Usado: iPhone XR 256gb Vermelho Excelente - Trocafone,1929,https://produto.mercadolivre.com.br/MLB-3460798909-usado-iphone-xr-256gb-vermelho-excelente-trocafone-_JM#position%3D25%26search_layout%3Dstack%26type%3Ditem%26tracking_id%3D20b99de1-0bd1-4d52-9160-31a4498d06fe
Smartphone iPhone 7 32 Gb Preto Original Com Garantia E Nf,579,https://produto.mercadolivre.com.br/MLB-4543877150-smartphone-iphone-7-32-gb-preto-original-com-garantia-e-nf-_JM?searchVariation=182195728965#searchVariation%3D182195728965%26position%3D26%26search_layout%3Dstack%26type%3Ditem%26tracking_id%3D20b99de1-0bd1-4d52-9160-31a4498d06fe
iPhone XR 64gb Preto Muito Bom - Trocafone Celular Usado,1279,https://produto.mercadolivre.com.br/MLB-2094906393-iphone-xr-64gb-preto-muito-bom-trocafone-celular-usado-_JM#position%3D27%26search_layout%3Dstack%26type%3Ditem%26tracking_id%3D20b99de1-0bd1-4d52-9160-31a4498d06fe
iPhone XS 256gb Cinza Espacial Bom - Trocafone Celular Usado,1689,https://produto.mercadolivre.com.br/MLB-2165142647-iphone-xs-256gb-cinza-espacial-bom-trocafone-celular-usado-_JM#position%3D28%26search_layout%3Dstack%26type%3Ditem%26tracking_id%3D20b99de1-0bd1-4d52-9160-31a4498d06fe
Vitrine - iPhone 12 Mini 64gb Blue 5g,1899,https://produto.mercadolivre.com.br/MLB-3741163937-vitrine-iphone-12-mini-64gb-blue-5g-_JM?searchVariation=180734340728#searchVariation%3D180734340728%26position%3D29%26search_layout%3Dstack%26type%3Ditem%26tracking_id%3D20b99de1-0bd1-4d52-9160-31a4498d06fe
Apple iPhone 11 (128 Gb),2126,https://produto.mercadolivre.com.br/MLB-3691090745-apple-iphone-11-128-gb-_JM?searchVariation=180483851872#searchVariation%3D180483851872%26position%3D30%26search_layout%3Dstack%26type%3Ditem%26tracking_id%3D20b99de1-0bd1-4d52-9160-31a4498d06fe
Apple iPhone 12 Pro 256gb Promoção Original - Dash,3499,https://produto.mercadolivre.com.br/MLB-3807643957-apple-iphone-12-pro-256gb-promoco-original-dash-_JM?searchVariation=184121826183#searchVariation%3D184121826183%26position%3D31%26search_layout%3Dstack%26type%3Ditem%26tracking_id%3D20b99de1-0bd1-4d52-9160-31a4498d06fe
iPhone 15 Apple 128gb - Verde,5799,https://produto.mercadolivre.com.br/MLB-4927372894-iphone-15-apple-128gb-verde-_JM?searchVariation=181153452822#searchVariation%3D181153452822%26position%3D32%26search_layout%3Dstack%26type%3Ditem%26tracking_id%3D20b99de1-0bd1-4d52-9160-31a4498d06fe
iPhone 7 256gb Preto Matte Bom Usado - Trocafone,769,https://produto.mercadolivre.com.br/MLB-1965093319-iphone-7-256gb-preto-matte-bom-usado-trocafone-_JM#position%3D33%26search_layout%3Dstack%26type%3Ditem%26tracking_id%3D20b99de1-0bd1-4d52-9160-31a4498d06fe
iPhone 8 Plus 64gb,1299,https://produto.mercadolivre.com.br/MLB-2767479069-iphone-8-plus-64gb-_JM?searchVariation=175084288463#searchVariation%3D175084288463%26position%3D34%26search_layout%3Dstack%26type%3Ditem%26tracking_id%3D20b99de1-0bd1-4d52-9160-31a4498d06fe
iPhone XS Max 64gb Cinza Espacial Excelente - Usado,1729,https://produto.mercadolivre.com.br/MLB-1975889295-iphone-xs-max-64gb-cinza-espacial-excelente-usado-_JM#position%3D35%26search_layout%3Dstack%26type%3Ditem%26tracking_id%3D20b99de1-0bd1-4d52-9160-31a4498d06fe
iPhone XS 64gb Cinza Espacial Bom - Trocafone- Celular Usado,1419,https://produto.mercadolivre.com.br/MLB-3208492427-iphone-xs-64gb-cinza-espacial-bom-trocafone-celular-usado-_JM#position%3D36%26search_layout%3Dstack%26type%3Ditem%26tracking_id%3D20b99de1-0bd1-4d52-9160-31a4498d06fe
iPhone XS Max 64gb Prata Muito Bom - Trocafone - Usado,1639,https://produto.mercadolivre.com.br/MLB-2672014878-iphone-xs-max-64gb-prata-muito-bom-trocafone-usado-_JM#position%3D37%26search_layout%3Dstack%26type%3Ditem%26tracking_id%3D20b99de1-0bd1-4d52-9160-31a4498d06fe
iPhone 12 64gb,2299,https://produto.mercadolivre.com.br/MLB-2742107782-iphone-12-64gb-_JM?searchVariation=174943834559#searchVariation%3D174943834559%26position%3D38%26search_layout%3Dstack%26type%3Ditem%26tracking_id%3D20b99de1-0bd1-4d52-9160-31a4498d06fe
iPhone 12 (128 Gb) - Vitrine - Bateria 100% +capa+fone Brind,2450,https://produto.mercadolivre.com.br/MLB-4685303408-iphone-12-128-gb-vitrine-bateria-100-capafone-brind-_JM?searchVariation=180492243172#searchVariation%3D180492243172%26position%3D39%26search_layout%3Dstack%26type%3Ditem%26tracking_id%3D20b99de1-0bd1-4d52-9160-31a4498d06fe
Apple iPhone 12 64 Gb Vitrine-novo Excelente - Vip,2093,https://produto.mercadolivre.com.br/MLB-3792640015-apple-iphone-12-64-gb-vitrine-novo-excelente-vip-_JM?searchVariation=181184755886#searchVariation%3D181184755886%26position%3D40%26search_layout%3Dstack%26type%3Ditem%26tracking_id%3D20b99de1-0bd1-4d52-9160-31a4498d06fe
Apple iPhone 13 (128 Gb) - Azul - Vitrine / Brinde,3700,https://produto.mercadolivre.com.br/MLB-3627900899-apple-iphone-13-128-gb-azul-vitrine-brinde-_JM?searchVariation=182113757505#searchVariation%3D182113757505%26position%3D41%26search_layout%3Dstack%26type%3Ditem%26tracking_id%3D20b99de1-0bd1-4d52-9160-31a4498d06fe
Apple iPhone 12 Pro 512gb Promoção Original - Dash,3899,https://produto.mercadolivre.com.br/MLB-3807682433-apple-iphone-12-pro-512gb-promoco-original-dash-_JM?searchVariation=181301997848#searchVariation%3D181301997848%26position%3D42%26search_layout%3Dstack%26type%3Ditem%26tracking_id%3D20b99de1-0bd1-4d52-9160-31a4498d06fe
Apple iPhone 12 64gb Promoção Original - Dash,2799,https://produto.mercadolivre.com.br/MLB-3807654017-apple-iphone-12-64gb-promoco-original-dash-_JM?searchVariation=184121760469#searchVariation%3D184121760469%26position%3D43%26search_layout%3Dstack%26type%3Ditem%26tracking_id%3D20b99de1-0bd1-4d52-9160-31a4498d06fe
Apple iPhone 12 Pro 256gb Promoção À Vista Original - Dash,3499,https://produto.mercadolivre.com.br/MLB-3807954407-apple-iphone-12-pro-256gb-promoco-vista-original-dash-_JM?searchVariation=184123408483#searchVariation%3D184123408483%26position%3D44%26search_layout%3Dstack%26type%3Ditem%26tracking_id%3D20b99de1-0bd1-4d52-9160-31a4498d06fe
Apple iPhone 12 128gb Promoção Original - Dash,2999,https://produto.mercadolivre.com.br/MLB-3807692551-apple-iphone-12-128gb-promoco-original-dash-_JM?searchVariation=181301960858#searchVariation%3D181301960858%26position%3D45%26search_layout%3Dstack%26type%3Ditem%26tracking_id%3D20b99de1-0bd1-4d52-9160-31a4498d06fe
Apple iPhone 13 128gb Promoção Original - Dash,3999,https://produto.mercadolivre.com.br/MLB-3807722555-apple-iphone-13-128gb-promoco-original-dash-_JM?searchVariation=184121951739#searchVariation%3D184121951739%26position%3D46%26search_layout%3Dstack%26type%3Ditem%26tracking_id%3D20b99de1-0bd1-4d52-9160-31a4498d06fe
Apple iPhone 11 128gb Promoção Original - Dash,2399,https://produto.mercadolivre.com.br/MLB-4979754490-apple-iphone-11-128gb-promoco-original-dash-_JM?searchVariation=181301929862#searchVariation%3D181301929862%26position%3D47%26search_layout%3Dstack%26type%3Ditem%26tracking_id%3D20b99de1-0bd1-4d52-9160-31a4498d06fe
Apple iPhone 11 Pro 64gb Promoção Original - Dash,2699,https://produto.mercadolivre.com.br/MLB-4979819118-apple-iphone-11-pro-64gb-promoco-original-dash-_JM?searchVariation=184121182665#searchVariation%3D184121182665%26position%3D48%26search_layout%3Dstack%26type%3Ditem%26tracking_id%3D20b99de1-0bd1-4d52-9160-31a4498d06fe
Apple iPhone 11 Pro 256gb Promoção Original - Dash,2899,https://produto.mercadolivre.com.br/MLB-4979844668-apple-iphone-11-pro-256gb-promoco-original-dash-_JM?searchVariation=184121170093#searchVariation%3D184121170093%26position%3D49%26search_layout%3Dstack%26type%3Ditem%26tracking_id%3D20b99de1-0bd1-4d52-9160-31a4498d06fe
